ISO-10303-21;
HEADER;
FILE_DESCRIPTION (( 'STEP AP214' ),
    '1' );
FILE_NAME ('link-3.STEP',
    '2026-06-24T00:20:57',
    ( '' ),
    ( '' ),
    'SwSTEP 2.0',
    'SolidWorks 2024',
    '' );
FILE_SCHEMA (( 'AUTOMOTIVE_DESIGN' ));
ENDSEC;

DATA;
#1 = CARTESIAN_POINT ( 'NONE',  ( 15.00000000000000000, -7.999999999999872102, -18.85640646055108505 ) ) ;
#2 =( GEOMETRIC_REPRESENTATION_CONTEXT ( 3 ) GLOBAL_UNCERTAINTY_ASSIGNED_CONTEXT ( ( #1630 ) ) GLOBAL_UNIT_ASSIGNED_CONTEXT ( ( #1742, #171, #1120 ) ) REPRESENTATION_CONTEXT ( 'NONE', 'WORKASPACE' ) );
#3 = CARTESIAN_POINT ( 'NONE',  ( 15.00000000000000000, -3.132628613281330576, 20.54467667297144473 ) ) ;
#4 = DIRECTION ( 'NONE',  ( 1.000000000000000000, -0.000000000000000000, -0.000000000000000000 ) ) ;
#5 = DIRECTION ( 'NONE',  ( 0.000000000000000000, 0.000000000000000000, -1.000000000000000000 ) ) ;
#6 = ORIENTED_EDGE ( 'NONE', *, *, #594, .F. ) ;
#7 = CARTESIAN_POINT ( 'NONE',  ( 11.59999999999999964, 22.17310878027087284, 9.184402376762170306 ) ) ;
#8 = EDGE_LOOP ( 'NONE', ( #390, #416 ) ) ;
#9 = EDGE_CURVE ( 'NONE', #696, #272, #521, .T. ) ;
#10 = ADVANCED_FACE ( 'NONE', ( #1892, #1260, #796, #1281, #474, #1763, #335, #1924, #193, #501, #1108 ), #1741, .T. ) ;
#11 = AXIS2_PLACEMENT_3D ( 'NONE', #370, #695, #1333 ) ;
#12 = DIRECTION ( 'NONE',  ( -1.000000000000000000, 0.000000000000000000, 0.000000000000000000 ) ) ;
#13 = AXIS2_PLACEMENT_3D ( 'NONE', #21, #1753, #1086 ) ;
#14 = CARTESIAN_POINT ( 'NONE',  ( 0.000000000000000000, 16.00000000000000000, -2.649999999999997691 ) ) ;
#15 = VECTOR ( 'NONE', #944, 1000.000000000000114 ) ;
#16 = DIRECTION ( 'NONE',  ( 0.000000000000000000, 0.000000000000000000, -1.000000000000000000 ) ) ;
#17 = VECTOR ( 'NONE', #1418, 1000.000000000000114 ) ;
#18 = AXIS2_PLACEMENT_3D ( 'NONE', #1380, #2023, #1043 ) ;
#19 = CIRCLE ( 'NONE', #684, 3.249999999999999556 ) ;
#20 = ORIENTED_EDGE ( 'NONE', *, *, #1706, .F. ) ;
#21 = CARTESIAN_POINT ( 'NONE',  ( 11.59999999999999964, -3.132628613281330576, 23.79467667297144473 ) ) ;
#22 = DIRECTION ( 'NONE',  ( 1.000000000000000000, -0.000000000000000000, -0.000000000000000000 ) ) ;
#23 = AXIS2_PLACEMENT_3D ( 'NONE', #139, #153, #265 ) ;
#24 = DIRECTION ( 'NONE',  ( 1.000000000000000000, 0.000000000000000000, 0.000000000000000000 ) ) ;
#25 = DIRECTION ( 'NONE',  ( 1.000000000000000000, -0.000000000000000000, -0.000000000000000000 ) ) ;
#26 = ORIENTED_EDGE ( 'NONE', *, *, #94, .T. ) ;
#27 = DIRECTION ( 'NONE',  ( 1.000000000000000000, -0.000000000000000000, -0.000000000000000000 ) ) ;
#28 = CARTESIAN_POINT ( 'NONE',  ( 15.00000000000000000, -19.04048016698972745, 14.61027429620919449 ) ) ;
#29 = FACE_OUTER_BOUND ( 'NONE', #1570, .T. ) ;
#30 = ADVANCED_FACE ( 'NONE', ( #962, #1756 ), #1447, .F. ) ;
#31 = ORIENTED_EDGE ( 'NONE', *, *, #1076, .F. ) ;
#32 = DIRECTION ( 'NONE',  ( 1.000000000000000000, 0.000000000000000000, 0.000000000000000000 ) ) ;
#33 = FACE_OUTER_BOUND ( 'NONE', #1185, .T. ) ;
#34 = CARTESIAN_POINT ( 'NONE',  ( 15.00100000000000300, 0.000000000000000000, 150.0000000000000000 ) ) ;
#35 = DIRECTION ( 'NONE',  ( 0.000000000000000000, 0.000000000000000000, 1.000000000000000000 ) ) ;
#36 = ORIENTED_EDGE ( 'NONE', *, *, #647, .F. ) ;
#37 = CYLINDRICAL_SURFACE ( 'NONE', #1139, 3.249999999999999556 ) ;
#38 = CARTESIAN_POINT ( 'NONE',  ( 15.00000000000000000, -3.132628613280998842, -23.79467667297147671 ) ) ;
#39 = DIRECTION ( 'NONE',  ( 0.000000000000000000, 0.4770918629042343317, -0.8788534316656942957 ) ) ;
#40 = EDGE_CURVE ( 'NONE', #368, #1425, #1109, .T. ) ;
#41 = ORIENTED_EDGE ( 'NONE', *, *, #1361, .T. ) ;
#42 = CARTESIAN_POINT ( 'NONE',  ( 11.59999999999999964, -17.44048016698951997, -14.61027429620945561 ) ) ;
#43 = FACE_BOUND ( 'NONE', #815, .T. ) ;
#44 = ORIENTED_EDGE ( 'NONE', *, *, #851, .T. ) ;
#45 = CARTESIAN_POINT ( 'NONE',  ( -2.500000000000000000, 0.000000000000000000, -10.00000000000000000 ) ) ;
#46 = VERTEX_POINT ( 'NONE', #805 ) ;
#47 = DIRECTION ( 'NONE',  ( 1.000000000000000000, -0.000000000000000000, -0.000000000000000000 ) ) ;
#48 = VECTOR ( 'NONE', #593, 1000.000000000000000 ) ;
#49 = CARTESIAN_POINT ( 'NONE',  ( 0.000000000000000000, 22.17310878027087639, -7.584402376762174214 ) ) ;
#50 = AXIS2_PLACEMENT_3D ( 'NONE', #1161, #1637, #1468 ) ;
#51 = VECTOR ( 'NONE', #1450, 1000.000000000000000 ) ;
#52 = ORIENTED_EDGE ( 'NONE', *, *, #79, .F. ) ;
#53 = AXIS2_PLACEMENT_3D ( 'NONE', #650, #132, #1287 ) ;
#54 = CARTESIAN_POINT ( 'NONE',  ( 0.000000000000000000, -3.132628613281330576, 23.79467667297144473 ) ) ;
#55 = ADVANCED_FACE ( 'NONE', ( #655 ), #1459, .F. ) ;
#56 = AXIS2_PLACEMENT_3D ( 'NONE', #144, #1267, #1280 ) ;
#57 = AXIS2_PLACEMENT_3D ( 'NONE', #1578, #1123, #154 ) ;
#58 = DIRECTION ( 'NONE',  ( 0.000000000000000000, 0.000000000000000000, -1.000000000000000000 ) ) ;
#59 = ORIENTED_EDGE ( 'NONE', *, *, #1477, .T. ) ;
#60 = DIRECTION ( 'NONE',  ( 1.000000000000000000, -0.000000000000000000, -0.000000000000000000 ) ) ;
#61 = EDGE_CURVE ( 'NONE', #992, #1853, #1935, .T. ) ;
#62 = CIRCLE ( 'NONE', #1217, 3.249999999999999556 ) ;
#63 = VECTOR ( 'NONE', #4, 1000.000000000000000 ) ;
#64 = ORIENTED_EDGE ( 'NONE', *, *, #1576, .F. ) ;
#65 = DIRECTION ( 'NONE',  ( 0.000000000000000000, 0.000000000000000000, -1.000000000000000000 ) ) ;
#66 = ORIENTED_EDGE ( 'NONE', *, *, #1058, .T. ) ;
#67 = DIRECTION ( 'NONE',  ( 1.000000000000000000, -0.000000000000000000, -0.000000000000000000 ) ) ;
#68 = ORIENTED_EDGE ( 'NONE', *, *, #40, .T. ) ;
#69 = CARTESIAN_POINT ( 'NONE',  ( 26.00000000000001066, 0.000000000000000000, 150.0000000000000000 ) ) ;
#70 = ADVANCED_FACE ( 'NONE', ( #928 ), #2051, .F. ) ;
#71 = EDGE_LOOP ( 'NONE', ( #886, #856 ) ) ;
#72 = CARTESIAN_POINT ( 'NONE',  ( 15.00000000000000000, -39.00000000000000000, 7.164183775012015633E-15 ) ) ;
#73 = VERTEX_POINT ( 'NONE', #1153 ) ;
#74 = DIRECTION ( 'NONE',  ( 1.000000000000000000, -0.000000000000000000, -0.000000000000000000 ) ) ;
#75 = VERTEX_POINT ( 'NONE', #1337 ) ;
#76 = DIRECTION ( 'NONE',  ( 1.000000000000000000, -0.000000000000000000, -0.000000000000000000 ) ) ;
#77 = ORIENTED_EDGE ( 'NONE', *, *, #1492, .F. ) ;
#78 = EDGE_CURVE ( 'NONE', #1493, #908, #1491, .T. ) ;
#79 = EDGE_CURVE ( 'NONE', #801, #1761, #838, .T. ) ;
#80 = APPLICATION_CONTEXT ( 'automotive_design' ) ;
#81 = CARTESIAN_POINT ( 'NONE',  ( 15.00000000000000000, -8.000000000000065725, 13.85640646055098379 ) ) ;
#82 = ORIENTED_EDGE ( 'NONE', *, *, #1220, .T. ) ;
#83 = DIRECTION ( 'NONE',  ( 0.000000000000000000, 0.000000000000000000, -1.000000000000000000 ) ) ;
#84 = AXIS2_PLACEMENT_3D ( 'NONE', #538, #1341, #378 ) ;
#85 = VERTEX_POINT ( 'NONE', #86 ) ;
#86 = CARTESIAN_POINT ( 'NONE',  ( 11.59999999999999964, -19.04048016698972745, 13.01027429620918952 ) ) ;
#87 = AXIS2_PLACEMENT_3D ( 'NONE', #901, #1985, #1052 ) ;
#88 = VECTOR ( 'NONE', #76, 1000.000000000000000 ) ;
#89 = EDGE_LOOP ( 'NONE', ( #1553, #1165, #2007, #1752 ) ) ;
#90 = VECTOR ( 'NONE', #1122, 1000.000000000000000 ) ;
#91 = DIRECTION ( 'NONE',  ( 1.000000000000000000, 0.000000000000000000, 0.000000000000000000 ) ) ;
#92 = DIRECTION ( 'NONE',  ( 1.000000000000000000, -0.000000000000000000, -0.000000000000000000 ) ) ;
#93 = ORIENTED_EDGE ( 'NONE', *, *, #824, .F. ) ;
#94 = EDGE_CURVE ( 'NONE', #1257, #142, #2043, .T. ) ;
#95 = CYLINDRICAL_SURFACE ( 'NONE', #478, 3.249999999999999556 ) ;
#96 = ORIENTED_EDGE ( 'NONE', *, *, #783, .T. ) ;
#97 = LINE ( 'NONE', #906, #1780 ) ;
#98 = ORIENTED_EDGE ( 'NONE', *, *, #280, .F. ) ;
#99 = DIRECTION ( 'NONE',  ( 1.000000000000000000, -0.000000000000000000, -0.000000000000000000 ) ) ;
#100 = CARTESIAN_POINT ( 'NONE',  ( 9.599999999999997868, -8.000000000000065725, 11.20640646055098699 ) ) ;
#101 = ORIENTED_EDGE ( 'NONE', *, *, #197, .F. ) ;
#102 = DIRECTION ( 'NONE',  ( 0.000000000000000000, 0.000000000000000000, -1.000000000000000000 ) ) ;
#103 = EDGE_CURVE ( 'NONE', #908, #213, #686, .T. ) ;
#104 = ORIENTED_EDGE ( 'NONE', *, *, #1820, .T. ) ;
#105 = DIRECTION ( 'NONE',  ( 0.000000000000000000, -0.000000000000000000, 1.000000000000000000 ) ) ;
#106 = ORIENTED_EDGE ( 'NONE', *, *, #61, .F. ) ;
#107 = CARTESIAN_POINT ( 'NONE',  ( 0.000000000000000000, -19.04048016698972745, 14.61027429620919449 ) ) ;
#108 = CARTESIAN_POINT ( 'NONE',  ( 15.00000000000000000, 16.00000000000000000, 0.000000000000000000 ) ) ;
#109 = ORIENTED_EDGE ( 'NONE', *, *, #1352, .T. ) ;
#110 = CARTESIAN_POINT ( 'NONE',  ( 9.599999999999997868, -8.000000000000065725, 13.85640646055098379 ) ) ;
#111 = ORIENTED_EDGE ( 'NONE', *, *, #595, .T. ) ;
#112 = VECTOR ( 'NONE', #1325, 1000.000000000000000 ) ;
#113 = CARTESIAN_POINT ( 'NONE',  ( 11.59999999999999964, -19.04048016698952139, -14.61027429620945561 ) ) ;
#114 = ADVANCED_FACE ( 'NONE', ( #562 ), #676, .T. ) ;
#115 = AXIS2_PLACEMENT_3D ( 'NONE', #1290, #968, #1247 ) ;
#116 = CIRCLE ( 'NONE', #937, 1.600000000000000755 ) ;
#117 = VERTEX_POINT ( 'NONE', #1629 ) ;
#119 = EDGE_CURVE ( 'NONE', #940, #1359, #1316, .T. ) ;
#118 = CIRCLE ( 'NONE', #1616, 3.249999999999999556 ) ;
#120 = AXIS2_PLACEMENT_3D ( 'NONE', #247, #836, #994 ) ;
#121 = CARTESIAN_POINT ( 'NONE',  ( 9.599999999999997868, -7.999999999999872102, -13.85640646055109215 ) ) ;
#122 = CARTESIAN_POINT ( 'NONE',  ( 15.00000000000000000, -19.04048016698972745, 11.36027429620919449 ) ) ;
#123 = ORIENTED_EDGE ( 'NONE', *, *, #1340, .F. ) ;
#124 = CARTESIAN_POINT ( 'NONE',  ( 15.00000000000000000, -3.132628613280998842, -27.04467667297147671 ) ) ;
#125 = ORIENTED_EDGE ( 'NONE', *, *, #1660, .F. ) ;
#126 = LINE ( 'NONE', #591, #547 ) ;
#127 = ORIENTED_EDGE ( 'NONE', *, *, #1514, .F. ) ;
#128 = EDGE_CURVE ( 'NONE', #1964, #1134, #319, .T. ) ;
#129 = CARTESIAN_POINT ( 'NONE',  ( 11.59999999999999964, -19.04048016698972745, 16.21027429620919946 ) ) ;
#130 = CYLINDRICAL_SURFACE ( 'NONE', #1542, 3.249999999999999556 ) ;
#131 = ORIENTED_EDGE ( 'NONE', *, *, #606, .F. ) ;
#132 = DIRECTION ( 'NONE',  ( -1.000000000000000000, 0.000000000000000000, 0.000000000000000000 ) ) ;
#133 = ORIENTED_EDGE ( 'NONE', *, *, #207, .T. ) ;
#134 = CARTESIAN_POINT ( 'NONE',  ( 15.00000000000000355, -19.99999999999998934, 150.0000000000000000 ) ) ;
#135 = CARTESIAN_POINT ( 'NONE',  ( -2.500000000000000000, 0.000000000000000000, 0.000000000000000000 ) ) ;
#136 = ORIENTED_EDGE ( 'NONE', *, *, #294, .F. ) ;
#137 = CARTESIAN_POINT ( 'NONE',  ( 11.59999999999999964, 22.17310878027087284, 9.184402376762170306 ) ) ;
#138 = EDGE_CURVE ( 'NONE', #261, #1901, #1485, .T. ) ;
#139 = CARTESIAN_POINT ( 'NONE',  ( 9.599999999999997868, 18.64999999999999858, 0.000000000000000000 ) ) ;
#140 = ORIENTED_EDGE ( 'NONE', *, *, #1244, .T. ) ;
#141 = CYLINDRICAL_SURFACE ( 'NONE', #1145, 19.99999999999998934 ) ;
#142 = VERTEX_POINT ( 'NONE', #1793 ) ;
#143 = DIRECTION ( 'NONE',  ( 1.000000000000000000, -0.000000000000000000, -0.000000000000000000 ) ) ;
#144 = CARTESIAN_POINT ( 'NONE',  ( 11.59999999999999964, -3.132628613280998842, -23.79467667297147671 ) ) ;
#145 = ORIENTED_EDGE ( 'NONE', *, *, #381, .T. ) ;
#146 = CIRCLE ( 'NONE', #677, 3.249999999999999556 ) ;
#147 = AXIS2_PLACEMENT_3D ( 'NONE', #803, #1291, #654 ) ;
#148 = FACE_OUTER_BOUND ( 'NONE', #1779, .T. ) ;
#149 = CIRCLE ( 'NONE', #1008, 1.600000000000004086 ) ;
#150 = CARTESIAN_POINT ( 'NONE',  ( 0.000000000000000000, -3.132628613280998842, -22.19467667297147884 ) ) ;
#151 = AXIS2_PLACEMENT_3D ( 'NONE', #1225, #1992, #1858 ) ;
#152 = VECTOR ( 'NONE', #1415, 1000.000000000000000 ) ;
#153 = DIRECTION ( 'NONE',  ( -1.000000000000000000, 0.000000000000000000, 0.000000000000000000 ) ) ;
#154 = DIRECTION ( 'NONE',  ( 0.000000000000000000, 0.000000000000000000, -1.000000000000000000 ) ) ;
#155 = EDGE_CURVE ( 'NONE', #1851, #448, #1024, .T. ) ;
#156 = ORIENTED_EDGE ( 'NONE', *, *, #2005, .F. ) ;
#157 = DIRECTION ( 'NONE',  ( 0.000000000000000000, 0.000000000000000000, -1.000000000000000000 ) ) ;
#158 = FACE_OUTER_BOUND ( 'NONE', #1502, .T. ) ;
#159 = DIRECTION ( 'NONE',  ( 0.000000000000000000, -1.000000000000000000, 4.625929269271486407E-17 ) ) ;
#160 = DIRECTION ( 'NONE',  ( 0.000000000000000000, 0.000000000000000000, -1.000000000000000000 ) ) ;
#161 = DIRECTION ( 'NONE',  ( -1.000000000000000000, 0.000000000000000000, 0.000000000000000000 ) ) ;
#162 = DIRECTION ( 'NONE',  ( -1.000000000000000000, -0.000000000000000000, -0.000000000000000000 ) ) ;
#163 = DIRECTION ( 'NONE',  ( 0.000000000000000000, 0.000000000000000000, -1.000000000000000000 ) ) ;
#164 = VERTEX_POINT ( 'NONE', #1164 ) ;
#165 = DIRECTION ( 'NONE',  ( -0.8944271909999158554, 0.4472135954999581497, 0.000000000000000000 ) ) ;
#166 = PRODUCT_RELATED_PRODUCT_CATEGORY ( 'part', '', ( #484 ) ) ;
#167 = EDGE_CURVE ( 'NONE', #1964, #1529, #243, .T. ) ;
#168 = LINE ( 'NONE', #2036, #873 ) ;
#169 = ORIENTED_EDGE ( 'NONE', *, *, #660, .F. ) ;
#170 = PRODUCT_DEFINITION_SHAPE ( 'NONE', 'NONE',  #893 ) ;
#171 =( NAMED_UNIT ( * ) PLANE_ANGLE_UNIT ( ) SI_UNIT ( $, .RADIAN. ) );
#172 = CARTESIAN_POINT ( 'NONE',  ( 15.00000000000000000, -7.999999999999872102, -13.85640646055109215 ) ) ;
#173 = DIRECTION ( 'NONE',  ( 0.000000000000000000, 0.000000000000000000, -1.000000000000000000 ) ) ;
#174 = CARTESIAN_POINT ( 'NONE',  ( 15.00000000000000000, -3.132628613280998842, -23.79467667297147671 ) ) ;
#175 = ORIENTED_EDGE ( 'NONE', *, *, #1035, .T. ) ;
#176 = CARTESIAN_POINT ( 'NONE',  ( 15.00000000000000000, 22.17310878027087639, -7.584402376762174214 ) ) ;
#177 = FACE_OUTER_BOUND ( 'NONE', #987, .T. ) ;
#178 = DIRECTION ( 'NONE',  ( 1.000000000000000000, -0.000000000000000000, -0.000000000000000000 ) ) ;
#179 = CYLINDRICAL_SURFACE ( 'NONE', #2012, 3.249999999999999556 ) ;
#180 = EDGE_CURVE ( 'NONE', #1369, #1160, #1965, .T. ) ;
#181 = ORIENTED_EDGE ( 'NONE', *, *, #894, .T. ) ;
#182 = AXIS2_PLACEMENT_3D ( 'NONE', #1436, #1403, #798 ) ;
#183 = LINE ( 'NONE', #668, #221 ) ;
#184 = VECTOR ( 'NONE', #499, 1000.000000000000000 ) ;
#185 = DIRECTION ( 'NONE',  ( 0.000000000000000000, 0.000000000000000000, 1.000000000000000000 ) ) ;
#186 = DIRECTION ( 'NONE',  ( 1.000000000000000000, -0.000000000000000000, -0.000000000000000000 ) ) ;
#187 = VECTOR ( 'NONE', #746, 1000.000000000000000 ) ;
#188 = AXIS2_PLACEMENT_3D ( 'NONE', #343, #1151, #533 ) ;
#189 = ORIENTED_EDGE ( 'NONE', *, *, #1114, .T. ) ;
#190 = FACE_BOUND ( 'NONE', #1235, .T. ) ;
#191 = DIRECTION ( 'NONE',  ( 1.000000000000000000, -0.000000000000000000, -0.000000000000000000 ) ) ;
#192 = VECTOR ( 'NONE', #162, 1000.000000000000000 ) ;
#193 = FACE_BOUND ( 'NONE', #652, .T. ) ;
#194 = CARTESIAN_POINT ( 'NONE',  ( 15.00000000000000000, 22.17310878027087639, -9.184402376762173859 ) ) ;
#195 = ORIENTED_EDGE ( 'NONE', *, *, #595, .F. ) ;
#196 = FILL_AREA_STYLE ('',( #1623 ) ) ;
#197 = EDGE_CURVE ( 'NONE', #913, #895, #1345, .T. ) ;
#198 = CARTESIAN_POINT ( 'NONE',  ( 15.00000000000000000, -3.132628613281330132, 27.04467667297144118 ) ) ;
#199 = DIRECTION ( 'NONE',  ( 1.000000000000000000, -0.000000000000000000, -0.000000000000000000 ) ) ;
#200 = ORIENTED_EDGE ( 'NONE', *, *, #851, .F. ) ;
#201 = CARTESIAN_POINT ( 'NONE',  ( 15.00000000000000000, 22.17310878027087284, 9.184402376762170306 ) ) ;
#202 = DIRECTION ( 'NONE',  ( 0.000000000000000000, 0.000000000000000000, -1.000000000000000000 ) ) ;
#203 = VERTEX_POINT ( 'NONE', #996 ) ;
#204 = DIRECTION ( 'NONE',  ( 1.000000000000000000, -0.000000000000000000, -0.000000000000000000 ) ) ;
#205 = ORIENTED_EDGE ( 'NONE', *, *, #1563, .T. ) ;
#206 = LINE ( 'NONE', #1437, #17 ) ;
#207 = EDGE_CURVE ( 'NONE', #1004, #719, #1957, .T. ) ;
#208 = CARTESIAN_POINT ( 'NONE',  ( 26.00000000000001066, 19.99999999999998934, 49.99999999999998579 ) ) ;
#209 = ORIENTED_EDGE ( 'NONE', *, *, #1099, .T. ) ;
#210 = EDGE_CURVE ( 'NONE', #267, #421, #1650, .T. ) ;
#211 = DIRECTION ( 'NONE',  ( 0.000000000000000000, 0.000000000000000000, -1.000000000000000000 ) ) ;
#212 = CARTESIAN_POINT ( 'NONE',  ( 0.000000000000000000, 0.000000000000000000, 150.0000000000000000 ) ) ;
#213 = VERTEX_POINT ( 'NONE', #707 ) ;
#214 = DIRECTION ( 'NONE',  ( 0.000000000000000000, 0.4770918629042343317, -0.8788534316656942957 ) ) ;
#215 = UNCERTAINTY_MEASURE_WITH_UNIT (LENGTH_MEASURE( 1.000000000000000082E-05 ), #361, 'distance_accuracy_value', 'NONE');
#216 = EDGE_LOOP ( 'NONE', ( #525, #59 ) ) ;
#217 = CARTESIAN_POINT ( 'NONE',  ( 15.00000000000000000, 16.00000000000000000, -2.649999999999997691 ) ) ;
#218 = AXIS2_PLACEMENT_3D ( 'NONE', #107, #91, #1832 ) ;
#219 = CYLINDRICAL_SURFACE ( 'NONE', #2009, 39.00000000000000000 ) ;
#220 = VECTOR ( 'NONE', #1003, 1000.000000000000000 ) ;
#221 = VECTOR ( 'NONE', #1305, 1000.000000000000000 ) ;
#222 = VERTEX_POINT ( 'NONE', #1662 ) ;
#223 = VECTOR ( 'NONE', #605, 1000.000000000000000 ) ;
#224 = FACE_OUTER_BOUND ( 'NONE', #284, .T. ) ;
#225 = CIRCLE ( 'NONE', #1652, 4.999999999999995559 ) ;
#226 = EDGE_CURVE ( 'NONE', #641, #1493, #844, .T. ) ;
#227 = AXIS2_PLACEMENT_3D ( 'NONE', #229, #1506, #1355 ) ;
#228 = ORIENTED_EDGE ( 'NONE', *, *, #797, .F. ) ;
#229 = CARTESIAN_POINT ( 'NONE',  ( -2.500000000000000000, 0.000000000000000000, 0.000000000000000000 ) ) ;
#230 = CIRCLE ( 'NONE', #573, 4.999999999999993783 ) ;
#231 = AXIS2_PLACEMENT_3D ( 'NONE', #1917, #494, #185 ) ;
#232 = EDGE_LOOP ( 'NONE', ( #531, #1304, #678, #1430 ) ) ;
#233 = CARTESIAN_POINT ( 'NONE',  ( 15.00000000000000000, 0.000000000000000000, 0.000000000000000000 ) ) ;
#234 = ORIENTED_EDGE ( 'NONE', *, *, #1983, .F. ) ;
#235 = CARTESIAN_POINT ( 'NONE',  ( 9.599999999999997868, -8.000000000000065725, 18.85640646055098202 ) ) ;
#236 = DIRECTION ( 'NONE',  ( 1.000000000000000000, -0.000000000000000000, -0.000000000000000000 ) ) ;
#237 = ADVANCED_FACE ( 'NONE', ( #1987 ), #1017, .F. ) ;
#238 = EDGE_LOOP ( 'NONE', ( #1861, #1146, #2026, #1449 ) ) ;
#239 = FACE_OUTER_BOUND ( 'NONE', #232, .T. ) ;
#240 = ORIENTED_EDGE ( 'NONE', *, *, #1894, .T. ) ;
#241 = DIRECTION ( 'NONE',  ( 0.000000000000000000, -1.000000000000000000, 0.000000000000000000 ) ) ;
#242 = VERTEX_POINT ( 'NONE', #857 ) ;
#243 = LINE ( 'NONE', #387, #88 ) ;
#244 = VERTEX_POINT ( 'NONE', #1976 ) ;
#245 = EDGE_CURVE ( 'NONE', #1875, #1719, #1074, .T. ) ;
#246 = DIRECTION ( 'NONE',  ( 0.000000000000000000, 0.000000000000000000, -1.000000000000000000 ) ) ;
#247 = CARTESIAN_POINT ( 'NONE',  ( 15.00100000000000300, 0.000000000000000000, 150.0000000000000000 ) ) ;
#248 = ORIENTED_EDGE ( 'NONE', *, *, #1035, .F. ) ;
#249 = CARTESIAN_POINT ( 'NONE',  ( 0.000000000000000000, -39.00000000000000000, 14.99999999999999467 ) ) ;
#250 = COLOUR_RGB ( '',0.000000000000000000, 1.000000000000000000, 1.000000000000000000 ) ;
#251 = CIRCLE ( 'NONE', #13, 1.600000000000004086 ) ;
#252 = ORIENTED_EDGE ( 'NONE', *, *, #197, .T. ) ;
#253 = FACE_BOUND ( 'NONE', #1455, .T. ) ;
#254 = VECTOR ( 'NONE', #957, 1000.000000000000000 ) ;
#255 = ORIENTED_EDGE ( 'NONE', *, *, #884, .F. ) ;
#256 = DIRECTION ( 'NONE',  ( 1.000000000000000000, -0.000000000000000000, -0.000000000000000000 ) ) ;
#257 = EDGE_CURVE ( 'NONE', #590, #1836, #1370, .T. ) ;
#258 = LINE ( 'NONE', #882, #481 ) ;
#259 = ORIENTED_EDGE ( 'NONE', *, *, #1744, .F. ) ;
#260 = DIRECTION ( 'NONE',  ( 1.000000000000000000, -0.000000000000000000, -0.000000000000000000 ) ) ;
#261 = VERTEX_POINT ( 'NONE', #1838 ) ;
#262 = DIRECTION ( 'NONE',  ( 0.000000000000000000, 0.000000000000000000, 1.000000000000000000 ) ) ;
#263 = ORIENTED_EDGE ( 'NONE', *, *, #647, .T. ) ;
#264 = LINE ( 'NONE', #1387, #1837 ) ;
#265 = DIRECTION ( 'NONE',  ( 0.000000000000000000, 0.000000000000000000, 1.000000000000000000 ) ) ;
#266 = ADVANCED_FACE ( 'NONE', ( #1382 ), #1678, .F. ) ;
#267 = VERTEX_POINT ( 'NONE', #2016 ) ;
#268 = FACE_OUTER_BOUND ( 'NONE', #771, .T. ) ;
#269 = EDGE_CURVE ( 'NONE', #810, #1529, #1682, .T. ) ;
#270 = ORIENTED_EDGE ( 'NONE', *, *, #1683, .F. ) ;
#271 = CARTESIAN_POINT ( 'NONE',  ( 15.00000000000000000, -19.04048016698952139, -14.61027429620945561 ) ) ;
#272 = VERTEX_POINT ( 'NONE', #896 ) ;
#273 = DIRECTION ( 'NONE',  ( 1.000000000000000000, -0.000000000000000000, -0.000000000000000000 ) ) ;
#274 = CARTESIAN_POINT ( 'NONE',  ( 0.000000000000000000, -39.00000000000000711, 150.0000000000000000 ) ) ;
#275 = ORIENTED_EDGE ( 'NONE', *, *, #1422, .F. ) ;
#276 = LINE ( 'NONE', #1198, #974 ) ;
#277 = VERTEX_POINT ( 'NONE', #2035 ) ;
#278 = AXIS2_PLACEMENT_3D ( 'NONE', #121, #256, #1854 ) ;
#279 = LINE ( 'NONE', #1549, #1175 ) ;
#280 = EDGE_CURVE ( 'NONE', #1314, #1836, #279, .T. ) ;
#281 = EDGE_CURVE ( 'NONE', #376, #1984, #1216, .T. ) ;
#282 = VECTOR ( 'NONE', #936, 1000.000000000000000 ) ;
#283 = VECTOR ( 'NONE', #1560, 1000.000000000000000 ) ;
#284 = EDGE_LOOP ( 'NONE', ( #1803, #1914, #1800, #93 ) ) ;
#285 = AXIS2_PLACEMENT_3D ( 'NONE', #1256, #1557, #2046 ) ;
#286 = CIRCLE ( 'NONE', #1483, 2.649999999999999467 ) ;
#287 = FACE_OUTER_BOUND ( 'NONE', #1362, .T. ) ;
#288 = DIRECTION ( 'NONE',  ( 0.000000000000000000, -4.625929269271486407E-17, 1.000000000000000000 ) ) ;
#289 = EDGE_LOOP ( 'NONE', ( #1219, #388, #131, #2034 ) ) ;
#290 = CARTESIAN_POINT ( 'NONE',  ( 0.000000000000000000, -8.000000000000065725, 16.50640646055098060 ) ) ;
#291 = EDGE_LOOP ( 'NONE', ( #1790, #1567, #1641, #360 ) ) ;
#292 = DIRECTION ( 'NONE',  ( 1.000000000000000000, -0.000000000000000000, -0.000000000000000000 ) ) ;
#293 = CARTESIAN_POINT ( 'NONE',  ( 0.000000000000000000, -7.999999999999872102, -13.85640646055109215 ) ) ;
#294 = EDGE_CURVE ( 'NONE', #667, #242, #1400, .T. ) ;
#295 = ORIENTED_EDGE ( 'NONE', *, *, #1577, .F. ) ;
#296 = LINE ( 'NONE', #1238, #1206 ) ;
#297 = CARTESIAN_POINT ( 'NONE',  ( 9.599999999999997868, -7.999999999999872102, -16.50640646055109073 ) ) ;
#298 = ORIENTED_EDGE ( 'NONE', *, *, #1706, .T. ) ;
#299 = CYLINDRICAL_SURFACE ( 'NONE', #613, 3.249999999999999556 ) ;
#300 = ORIENTED_EDGE ( 'NONE', *, *, #949, .T. ) ;
#301 = LINE ( 'NONE', #176, #610 ) ;
#302 = CARTESIAN_POINT ( 'NONE',  ( 9.599999999999997868, -5.350000000000068034, 13.85640646055098379 ) ) ;
#303 = ORIENTED_EDGE ( 'NONE', *, *, #931, .F. ) ;
#304 = DIRECTION ( 'NONE',  ( 1.000000000000000000, 0.000000000000000000, -0.000000000000000000 ) ) ;
#305 = DIRECTION ( 'NONE',  ( 0.000000000000000000, 0.000000000000000000, -1.000000000000000000 ) ) ;
#306 = EDGE_CURVE ( 'NONE', #242, #940, #126, .T. ) ;
#307 = CARTESIAN_POINT ( 'NONE',  ( 15.00000000000000000, 22.17310878027087284, 10.78440237676216995 ) ) ;
#308 = DIRECTION ( 'NONE',  ( 1.000000000000000000, -0.000000000000000000, -0.000000000000000000 ) ) ;
#309 = EDGE_LOOP ( 'NONE', ( #1813, #1338 ) ) ;
#310 = DIRECTION ( 'NONE',  ( 1.000000000000000000, -0.000000000000000000, -0.000000000000000000 ) ) ;
#311 = DIRECTION ( 'NONE',  ( -1.000000000000000000, 0.000000000000000000, 0.000000000000000000 ) ) ;
#312 = AXIS2_PLACEMENT_3D ( 'NONE', #1166, #199, #1465 ) ;
#313 = DIRECTION ( 'NONE',  ( 0.000000000000000000, 0.000000000000000000, 1.000000000000000000 ) ) ;
#314 = AXIS2_PLACEMENT_3D ( 'NONE', #135, #452, #622 ) ;
#315 = CARTESIAN_POINT ( 'NONE',  ( 0.000000000000000000, 22.17310878027087639, -9.184402376762173859 ) ) ;
#316 = VECTOR ( 'NONE', #1084, 1000.000000000000000 ) ;
#317 = LINE ( 'NONE', #1394, #15 ) ;
#318 = CIRCLE ( 'NONE', #56, 1.600000000000004086 ) ;
#319 = CIRCLE ( 'NONE', #1618, 3.249999999999999556 ) ;
#320 = FACE_OUTER_BOUND ( 'NONE', #1532, .T. ) ;
#321 = EDGE_CURVE ( 'NONE', #1980, #1926, #1745, .T. ) ;
#322 = CARTESIAN_POINT ( 'NONE',  ( 11.59999999999999964, 22.17310878027087284, 5.934402376762170306 ) ) ;
#323 = ORIENTED_EDGE ( 'NONE', *, *, #560, .T. ) ;
#324 = CARTESIAN_POINT ( 'NONE',  ( 11.59999999999999964, 22.17310878027087284, 7.584402376762165332 ) ) ;
#325 = CARTESIAN_POINT ( 'NONE',  ( 15.00000000000000000, 22.17310878027087284, 9.184402376762170306 ) ) ;
#326 = CARTESIAN_POINT ( 'NONE',  ( 11.59999999999999964, -3.132628613280998842, -23.79467667297147671 ) ) ;
#327 = CARTESIAN_POINT ( 'NONE',  ( 0.000000000000000000, -8.000000000000065725, 13.85640646055098379 ) ) ;
#328 = DIRECTION ( 'NONE',  ( 1.000000000000000000, -0.000000000000000000, -0.000000000000000000 ) ) ;
#329 = CARTESIAN_POINT ( 'NONE',  ( 15.00000000000000000, -7.999999999999872102, -13.85640646055109215 ) ) ;
#330 = EDGE_CURVE ( 'NONE', #1134, #1964, #775, .T. ) ;
#331 = ORIENTED_EDGE ( 'NONE', *, *, #711, .T. ) ;
#332 = PLANE ( 'NONE',  #1408 ) ;
#333 = EDGE_CURVE ( 'NONE', #1359, #448, #1829, .T. ) ;
#334 = CARTESIAN_POINT ( 'NONE',  ( -2.500000000000000000, 0.000000000000000000, -10.00000000000000000 ) ) ;
#335 = FACE_BOUND ( 'NONE', #1085, .T. ) ;
#336 = CARTESIAN_POINT ( 'NONE',  ( 11.59999999999999964, 22.17310878027087639, -9.184402376762173859 ) ) ;
#337 = ORIENTED_EDGE ( 'NONE', *, *, #537, .F. ) ;
#338 = SURFACE_SIDE_STYLE ('',( #493 ) ) ;
#339 = DIRECTION ( 'NONE',  ( 1.000000000000000000, -0.000000000000000000, -0.000000000000000000 ) ) ;
#340 = CARTESIAN_POINT ( 'NONE',  ( 11.59999999999999964, -19.04048016698972745, 14.61027429620919449 ) ) ;
#341 = VERTEX_POINT ( 'NONE', #1363 ) ;
#342 = DIRECTION ( 'NONE',  ( 1.000000000000000000, -0.000000000000000000, -0.000000000000000000 ) ) ;
#343 = CARTESIAN_POINT ( 'NONE',  ( 11.59999999999999964, -3.132628613281330576, 23.79467667297144473 ) ) ;
#344 = VERTEX_POINT ( 'NONE', #1691 ) ;
#345 = ADVANCED_FACE ( 'NONE', ( #1054, #758 ), #1392, .F. ) ;
#346 = EDGE_CURVE ( 'NONE', #261, #1379, #97, .T. ) ;
#347 = CARTESIAN_POINT ( 'NONE',  ( 11.59999999999999964, 23.77310878027087782, 9.184402376762170306 ) ) ;
#348 = ORIENTED_EDGE ( 'NONE', *, *, #103, .T. ) ;
#349 = AXIS2_PLACEMENT_3D ( 'NONE', #814, #980, #1454 ) ;
#350 = CARTESIAN_POINT ( 'NONE',  ( 0.000000000000000000, -19.04048016698952139, -14.61027429620945561 ) ) ;
#351 = CARTESIAN_POINT ( 'NONE',  ( 15.00000000000000355, -19.99999999999998934, 49.99999999999998579 ) ) ;
#352 = DIRECTION ( 'NONE',  ( 1.000000000000000000, 0.000000000000000000, 0.000000000000000000 ) ) ;
#353 = CIRCLE ( 'NONE', #57, 2.649999999999999467 ) ;
#354 = ORIENTED_EDGE ( 'NONE', *, *, #321, .F. ) ;
#355 = DIRECTION ( 'NONE',  ( 1.000000000000000000, 0.000000000000000000, 0.000000000000000000 ) ) ;
#356 = DIRECTION ( 'NONE',  ( 0.000000000000000000, 0.000000000000000000, -1.000000000000000000 ) ) ;
#357 = ORIENTED_EDGE ( 'NONE', *, *, #1181, .T. ) ;
#358 = CARTESIAN_POINT ( 'NONE',  ( 15.00000000000000000, -7.999999999999872102, -8.856406460551097481 ) ) ;
#359 = EDGE_CURVE ( 'NONE', #164, #267, #442, .T. ) ;
#360 = ORIENTED_EDGE ( 'NONE', *, *, #306, .T. ) ;
#361 =( LENGTH_UNIT ( ) NAMED_UNIT ( * ) SI_UNIT ( .MILLI., .METRE. ) );
#362 = CYLINDRICAL_SURFACE ( 'NONE', #584, 2.649999999999995914 ) ;
#363 = DIRECTION ( 'NONE',  ( 1.000000000000000000, -0.000000000000000000, -0.000000000000000000 ) ) ;
#364 = ORIENTED_EDGE ( 'NONE', *, *, #1058, .F. ) ;
#365 = DIRECTION ( 'NONE',  ( 0.000000000000000000, 0.000000000000000000, -1.000000000000000000 ) ) ;
#366 = CYLINDRICAL_SURFACE ( 'NONE', #120, 2.500000000000002220 ) ;
#367 = CARTESIAN_POINT ( 'NONE',  ( 15.00000000000000000, -26.48171500630519759, 135.6242118537200270 ) ) ;
#368 = VERTEX_POINT ( 'NONE', #2025 ) ;
#369 = CYLINDRICAL_SURFACE ( 'NONE', #1712, 3.249999999999999556 ) ;
#370 = CARTESIAN_POINT ( 'NONE',  ( 15.00000000000000000, -19.04048016698972745, 14.61027429620919449 ) ) ;
#371 = EDGE_CURVE ( 'NONE', #1546, #421, #1073, .T. ) ;
#372 = VERTEX_POINT ( 'NONE', #134 ) ;
#373 = DIRECTION ( 'NONE',  ( 0.000000000000000000, 0.000000000000000000, -1.000000000000000000 ) ) ;
#374 = ORIENTED_EDGE ( 'NONE', *, *, #1435, .T. ) ;
#375 = CARTESIAN_POINT ( 'NONE',  ( 15.00000000000000000, -3.132628613280998842, -25.39467667297147813 ) ) ;
#376 = VERTEX_POINT ( 'NONE', #1559 ) ;
#377 = VECTOR ( 'NONE', #1634, 1000.000000000000000 ) ;
#378 = DIRECTION ( 'NONE',  ( 0.000000000000000000, 0.000000000000000000, 1.000000000000000000 ) ) ;
#379 = CIRCLE ( 'NONE', #902, 1.600000000000004086 ) ;
#380 = AXIS2_PLACEMENT_3D ( 'NONE', #780, #2053, #624 ) ;
#381 = EDGE_CURVE ( 'NONE', #117, #1504, #1906, .T. ) ;
#382 = ORIENTED_EDGE ( 'NONE', *, *, #1201, .F. ) ;
#383 = VECTOR ( 'NONE', #1657, 1000.000000000000000 ) ;
#384 = DIRECTION ( 'NONE',  ( 0.000000000000000000, 0.000000000000000000, -1.000000000000000000 ) ) ;
#385 = CIRCLE ( 'NONE', #1446, 4.999999999999993783 ) ;
#386 = VERTEX_POINT ( 'NONE', #1032 ) ;
#387 = CARTESIAN_POINT ( 'NONE',  ( 15.00000000000000000, -19.04048016698952139, -17.86027429620945384 ) ) ;
#388 = ORIENTED_EDGE ( 'NONE', *, *, #439, .F. ) ;
#389 = CARTESIAN_POINT ( 'NONE',  ( 11.59999999999999964, -3.132628613280998842, -22.19467667297147528 ) ) ;
#390 = ORIENTED_EDGE ( 'NONE', *, *, #1233, .T. ) ;
#391 = DIRECTION ( 'NONE',  ( 0.000000000000000000, 0.000000000000000000, -1.000000000000000000 ) ) ;
#392 = ORIENTED_EDGE ( 'NONE', *, *, #417, .F. ) ;
#393 = DIRECTION ( 'NONE',  ( 0.000000000000000000, 0.000000000000000000, -1.000000000000000000 ) ) ;
#394 = ADVANCED_FACE ( 'NONE', ( #253, #879 ), #638, .F. ) ;
#395 = ORIENTED_EDGE ( 'NONE', *, *, #1352, .F. ) ;
#396 = FACE_OUTER_BOUND ( 'NONE', #731, .T. ) ;
#397 = CARTESIAN_POINT ( 'NONE',  ( 15.00000000000000000, -8.000000000000065725, 18.85640646055097847 ) ) ;
#398 = ORIENTED_EDGE ( 'NONE', *, *, #371, .T. ) ;
#399 = DIRECTION ( 'NONE',  ( 1.000000000000000000, -0.000000000000000000, -0.000000000000000000 ) ) ;
#400 = ORIENTED_EDGE ( 'NONE', *, *, #294, .T. ) ;
#401 = CARTESIAN_POINT ( 'NONE',  ( 15.00000000000000000, 19.99999999999998934, 150.0000000000000000 ) ) ;
#402 = ADVANCED_FACE ( 'NONE', ( #1413 ), #451, .T. ) ;
#403 = ORIENTED_EDGE ( 'NONE', *, *, #167, .T. ) ;
#404 = DIRECTION ( 'NONE',  ( -0.000000000000000000, 4.625929269271485791E-17, 1.000000000000000000 ) ) ;
#405 = DIRECTION ( 'NONE',  ( 0.000000000000000000, 0.000000000000000000, -1.000000000000000000 ) ) ;
#406 = ORIENTED_EDGE ( 'NONE', *, *, #975, .T. ) ;
#407 = CARTESIAN_POINT ( 'NONE',  ( 15.00000000000000000, 22.17310878027087284, 12.43440237676216853 ) ) ;
#408 = VECTOR ( 'NONE', #586, 1000.000000000000000 ) ;
#409 = MECHANICAL_DESIGN_GEOMETRIC_PRESENTATION_REPRESENTATION (  '', ( #1176 ), #743 ) ;
#410 = AXIS2_PLACEMENT_3D ( 'NONE', #835, #1489, #523 ) ;
#411 = EDGE_LOOP ( 'NONE', ( #513, #840 ) ) ;
#412 = DIRECTION ( 'NONE',  ( 0.4472135954999580942, 0.8944271909999157444, -0.000000000000000000 ) ) ;
#413 = VECTOR ( 'NONE', #1223, 1000.000000000000000 ) ;
#414 = AXIS2_PLACEMENT_3D ( 'NONE', #174, #1419, #16 ) ;
#415 = CLOSED_SHELL ( 'NONE', ( #55, #859, #1806, #858, #1077, #1288, #693, #266, #907, #1513, #1269, #786, #749, #1932, #585, #1594, #1798, #237, #1705, #621, #1523, #1635, #345, #1770, #1002, #70, #10, #1797, #1285, #550, #1830, #1500, #1995, #30, #1451, #1919, #2020, #1464, #1232, #1536, #1180, #712, #2060, #419, #1049, #1960, #465, #1115, #527, #1958, #1696, #545, #1969, #1844, #394, #1371, #114, #1331, #989, #1202, #2032, #1605, #2047, #1270, #1644, #402, #692 ) ) ;
#416 = ORIENTED_EDGE ( 'NONE', *, *, #630, .T. ) ;
#417 = EDGE_CURVE ( 'NONE', #203, #1608, #251, .T. ) ;
#418 = LINE ( 'NONE', #2019, #48 ) ;
#419 = ADVANCED_FACE ( 'NONE', ( #1729 ), #653, .F. ) ;
#420 = FACE_OUTER_BOUND ( 'NONE', #1499, .T. ) ;
#421 = VERTEX_POINT ( 'NONE', #2057 ) ;
#422 = DIRECTION ( 'NONE',  ( 1.000000000000000000, 0.000000000000000000, 0.000000000000000000 ) ) ;
#423 = EDGE_LOOP ( 'NONE', ( #583, #1329, #300, #1934 ) ) ;
#424 = DIRECTION ( 'NONE',  ( 0.4472135954999580942, -0.8944271909999157444, 0.000000000000000000 ) ) ;
#425 = ORIENTED_EDGE ( 'NONE', *, *, #1433, .F. ) ;
#426 = CARTESIAN_POINT ( 'NONE',  ( 15.00000000000000000, -19.04048016698952139, -11.36027429620945561 ) ) ;
#427 = DIRECTION ( 'NONE',  ( 1.000000000000000000, -0.000000000000000000, -0.000000000000000000 ) ) ;
#428 = ORIENTED_EDGE ( 'NONE', *, *, #94, .F. ) ;
#429 = EDGE_CURVE ( 'NONE', #1412, #940, #774, .T. ) ;
#430 = CARTESIAN_POINT ( 'NONE',  ( 0.000000000000000000, 22.17310878027087284, 9.184402376762170306 ) ) ;
#431 = ORIENTED_EDGE ( 'NONE', *, *, #920, .T. ) ;
#432 = DIRECTION ( 'NONE',  ( 1.000000000000000000, 0.000000000000000000, 0.000000000000000000 ) ) ;
#433 = ORIENTED_EDGE ( 'NONE', *, *, #1141, .T. ) ;
#434 = DIRECTION ( 'NONE',  ( 1.000000000000000000, -0.000000000000000000, -0.000000000000000000 ) ) ;
#435 = CARTESIAN_POINT ( 'NONE',  ( 15.00000000000000000, -39.00000000000000711, 150.0000000000000000 ) ) ;
#436 = VERTEX_POINT ( 'NONE', #324 ) ;
#437 = LINE ( 'NONE', #756, #1685 ) ;
#438 = EDGE_CURVE ( 'NONE', #1836, #1359, #1442, .T. ) ;
#439 = EDGE_CURVE ( 'NONE', #1546, #73, #2049, .T. ) ;
#440 = ORIENTED_EDGE ( 'NONE', *, *, #849, .F. ) ;
#441 = CIRCLE ( 'NONE', #1102, 1.600000000000004086 ) ;
#442 = LINE ( 'NONE', #401, #1441 ) ;
#443 = CIRCLE ( 'NONE', #1943, 1.600000000000000755 ) ;
#444 = EDGE_LOOP ( 'NONE', ( #1649, #1199, #123, #1103, #6, #566, #195, #1265 ) ) ;
#445 = CARTESIAN_POINT ( 'NONE',  ( 9.599999999999997868, -7.999999999999872102, -8.856406460551093929 ) ) ;
#446 = DIRECTION ( 'NONE',  ( 1.000000000000000000, -0.000000000000000000, -0.000000000000000000 ) ) ;
#447 = VECTOR ( 'NONE', #1463, 1000.000000000000000 ) ;
#448 = VERTEX_POINT ( 'NONE', #1615 ) ;
#449 = LINE ( 'NONE', #1759, #254 ) ;
#450 = ORIENTED_EDGE ( 'NONE', *, *, #346, .F. ) ;
#451 = PLANE ( 'NONE',  #1509 ) ;
#452 = DIRECTION ( 'NONE',  ( 1.000000000000000000, -0.000000000000000000, -0.000000000000000000 ) ) ;
#453 = EDGE_LOOP ( 'NONE', ( #1717, #1882 ) ) ;
#454 = EDGE_CURVE ( 'NONE', #745, #1314, #951, .T. ) ;
#455 = DIRECTION ( 'NONE',  ( 0.000000000000000000, 0.000000000000000000, -1.000000000000000000 ) ) ;
#456 = DIRECTION ( 'NONE',  ( 1.000000000000000000, -0.000000000000000000, -0.000000000000000000 ) ) ;
#457 = CARTESIAN_POINT ( 'NONE',  ( -2.500000000000000000, 0.000000000000000000, 0.000000000000000000 ) ) ;
#458 = VERTEX_POINT ( 'NONE', #1878 ) ;
#459 = CARTESIAN_POINT ( 'NONE',  ( 26.00000000000001066, 0.000000000000000000, 150.0000000000000000 ) ) ;
#460 = ADVANCED_BREP_SHAPE_REPRESENTATION ( 'link-3', ( #1466, #1801 ), #2 ) ;
#461 = ORIENTED_EDGE ( 'NONE', *, *, #1950, .T. ) ;
#462 = CARTESIAN_POINT ( 'NONE',  ( 15.00000000000000000, -3.132628613281330576, 23.79467667297144473 ) ) ;
#463 = CARTESIAN_POINT ( 'NONE',  ( 0.000000000000000000, 19.99999999999998934, 100.0000000000000000 ) ) ;
#464 = EDGE_LOOP ( 'NONE', ( #1484, #1275, #1250, #671 ) ) ;
#465 = ADVANCED_FACE ( 'NONE', ( #1593 ), #1889, .F. ) ;
#466 = FACE_BOUND ( 'NONE', #1381, .T. ) ;
#467 = DIRECTION ( 'NONE',  ( -0.000000000000000000, -0.4770918629042343317, 0.8788534316656942957 ) ) ;
#468 = FACE_OUTER_BOUND ( 'NONE', #2015, .T. ) ;
#469 = CARTESIAN_POINT ( 'NONE',  ( 0.000000000000000000, 0.000000000000000000, -10.00000000000000000 ) ) ;
#470 = VERTEX_POINT ( 'NONE', #1421 ) ;
#471 = DIRECTION ( 'NONE',  ( 0.000000000000000000, 0.000000000000000000, -1.000000000000000000 ) ) ;
#472 = DIRECTION ( 'NONE',  ( 1.000000000000000000, -0.000000000000000000, -0.000000000000000000 ) ) ;
#473 = AXIS2_PLACEMENT_3D ( 'NONE', #1521, #1357, #246 ) ;
#474 = FACE_BOUND ( 'NONE', #1406, .T. ) ;
#475 = AXIS2_PLACEMENT_3D ( 'NONE', #1659, #355, #373 ) ;
#476 = AXIS2_PLACEMENT_3D ( 'NONE', #1087, #1444, #1096 ) ;
#477 = DIRECTION ( 'NONE',  ( 0.000000000000000000, 0.000000000000000000, 1.000000000000000000 ) ) ;
#478 = AXIS2_PLACEMENT_3D ( 'NONE', #1676, #1353, #102 ) ;
#479 = DIRECTION ( 'NONE',  ( 0.000000000000000000, 0.000000000000000000, -1.000000000000000000 ) ) ;
#480 = EDGE_CURVE ( 'NONE', #1031, #272, #1456, .T. ) ;
#481 = VECTOR ( 'NONE', #1522, 1000.000000000000000 ) ;
#482 = AXIS2_PLACEMENT_3D ( 'NONE', #1586, #159, #788 ) ;
#483 = CARTESIAN_POINT ( 'NONE',  ( 15.00000000000000000, -8.000000000000065725, 13.85640646055098379 ) ) ;
#484 = PRODUCT ( 'link-3', 'link-3', '', ( #1173 ) ) ;
#485 = DIRECTION ( 'NONE',  ( 1.000000000000000000, -0.000000000000000000, -0.000000000000000000 ) ) ;
#486 = EDGE_CURVE ( 'NONE', #1023, #458, #301, .T. ) ;
#487 = CIRCLE ( 'NONE', #981, 1.600000000000000755 ) ;
#488 = ORIENTED_EDGE ( 'NONE', *, *, #119, .F. ) ;
#489 = DIRECTION ( 'NONE',  ( 1.000000000000000000, -0.000000000000000000, -0.000000000000000000 ) ) ;
#490 =( NAMED_UNIT ( * ) PLANE_ANGLE_UNIT ( ) SI_UNIT ( $, .RADIAN. ) );
#491 = DIRECTION ( 'NONE',  ( 0.000000000000000000, 0.000000000000000000, -1.000000000000000000 ) ) ;
#492 = DIRECTION ( 'NONE',  ( 1.000000000000000000, -0.000000000000000000, -0.000000000000000000 ) ) ;
#493 = SURFACE_STYLE_FILL_AREA ( #196 ) ;
#494 = DIRECTION ( 'NONE',  ( -1.000000000000000000, 0.000000000000000000, 0.000000000000000000 ) ) ;
#495 = DIRECTION ( 'NONE',  ( 0.000000000000000000, 0.000000000000000000, -1.000000000000000000 ) ) ;
#496 = EDGE_CURVE ( 'NONE', #1308, #801, #443, .T. ) ;
#497 = EDGE_CURVE ( 'NONE', #436, #277, #149, .T. ) ;
#498 = EDGE_LOOP ( 'NONE', ( #698, #109 ) ) ;
#499 = DIRECTION ( 'NONE',  ( 0.000000000000000000, -1.000000000000000000, 0.000000000000000000 ) ) ;
#500 = CARTESIAN_POINT ( 'NONE',  ( 15.00000000000000000, -19.04048016698952139, -14.61027429620945561 ) ) ;
#501 = FACE_BOUND ( 'NONE', #1646, .T. ) ;
#502 = DIRECTION ( 'NONE',  ( 1.000000000000000000, -0.000000000000000000, -0.000000000000000000 ) ) ;
#503 = EDGE_LOOP ( 'NONE', ( #104, #1094 ) ) ;
#504 = LINE ( 'NONE', #217, #548 ) ;
#505 = DIRECTION ( 'NONE',  ( 0.000000000000000000, 0.000000000000000000, -1.000000000000000000 ) ) ;
#506 = LINE ( 'NONE', #72, #383 ) ;
#507 = ORIENTED_EDGE ( 'NONE', *, *, #1395, .F. ) ;
#508 = FACE_OUTER_BOUND ( 'NONE', #1228, .T. ) ;
#509 = EDGE_CURVE ( 'NONE', #923, #1700, #1812, .T. ) ;
#510 = FACE_OUTER_BOUND ( 'NONE', #1124, .T. ) ;
#511 = ORIENTED_EDGE ( 'NONE', *, *, #417, .T. ) ;
#512 = CARTESIAN_POINT ( 'NONE',  ( 15.00000000000000000, 0.000000000000000000, 150.0000000000000000 ) ) ;
#513 = ORIENTED_EDGE ( 'NONE', *, *, #1015, .F. ) ;
#514 = VECTOR ( 'NONE', #404, 1000.000000000000000 ) ;
#515 = PRESENTATION_STYLE_ASSIGNMENT (( #1121 ) ) ;
#516 = AXIS2_PLACEMENT_3D ( 'NONE', #1473, #1796, #1916 ) ;
#517 = CIRCLE ( 'NONE', #475, 39.00000000000000000 ) ;
#518 = DIRECTION ( 'NONE',  ( 0.000000000000000000, 0.000000000000000000, -1.000000000000000000 ) ) ;
#519 = CARTESIAN_POINT ( 'NONE',  ( 0.000000000000000000, -19.04048016698972745, 14.61027429620919449 ) ) ;
#520 = CIRCLE ( 'NONE', #1873, 4.999999999999993783 ) ;
#521 = CIRCLE ( 'NONE', #1511, 2.649999999999999467 ) ;
#522 = ORIENTED_EDGE ( 'NONE', *, *, #9, .F. ) ;
#523 = DIRECTION ( 'NONE',  ( 0.000000000000000000, 0.000000000000000000, -1.000000000000000000 ) ) ;
#524 = FACE_BOUND ( 'NONE', #498, .T. ) ;
#525 = ORIENTED_EDGE ( 'NONE', *, *, #797, .T. ) ;
#526 = DIRECTION ( 'NONE',  ( 0.000000000000000000, 0.000000000000000000, -1.000000000000000000 ) ) ;
#527 = ADVANCED_FACE ( 'NONE', ( #1913, #1762 ), #332, .F. ) ;
#528 = EDGE_LOOP ( 'NONE', ( #127, #1993, #1959, #1613, #1622 ) ) ;
#529 = CARTESIAN_POINT ( 'NONE',  ( 15.00000000000000000, 22.17310878027087284, 5.934402376762170306 ) ) ;
#530 = LINE ( 'NONE', #208, #112 ) ;
#531 = ORIENTED_EDGE ( 'NONE', *, *, #1193, .F. ) ;
#532 = LINE ( 'NONE', #540, #220 ) ;
#533 = DIRECTION ( 'NONE',  ( 0.000000000000000000, 0.000000000000000000, -1.000000000000000000 ) ) ;
#534 = EDGE_LOOP ( 'NONE', ( #66, #433 ) ) ;
#535 = DIRECTION ( 'NONE',  ( 1.000000000000000000, -0.000000000000000000, -0.000000000000000000 ) ) ;
#536 = EDGE_LOOP ( 'NONE', ( #169, #1988 ) ) ;
#537 = EDGE_CURVE ( 'NONE', #213, #908, #1614, .T. ) ;
#538 = CARTESIAN_POINT ( 'NONE',  ( 0.000000000000000000, 0.000000000000000000, 150.0000000000000000 ) ) ;
#539 = ORIENTED_EDGE ( 'NONE', *, *, #648, .T. ) ;
#540 = CARTESIAN_POINT ( 'NONE',  ( 3.086955165771318666E-15, 19.99999999999998934, 100.0000000000000000 ) ) ;
#541 = ORIENTED_EDGE ( 'NONE', *, *, #750, .F. ) ;
#542 = DIRECTION ( 'NONE',  ( 1.000000000000000000, -0.000000000000000000, -0.000000000000000000 ) ) ;
#543 = ORIENTED_EDGE ( 'NONE', *, *, #429, .T. ) ;
#544 = VECTOR ( 'NONE', #661, 1000.000000000000000 ) ;
#545 = ADVANCED_FACE ( 'NONE', ( #190, #1014 ), #697, .F. ) ;
#546 = DIRECTION ( 'NONE',  ( 1.000000000000000000, -0.000000000000000000, -0.000000000000000000 ) ) ;
#547 = VECTOR ( 'NONE', #424, 1000.000000000000114 ) ;
#548 = VECTOR ( 'NONE', #27, 1000.000000000000000 ) ;
#549 = ORIENTED_EDGE ( 'NONE', *, *, #2018, .F. ) ;
#550 = ADVANCED_FACE ( 'NONE', ( #1335 ), #826, .F. ) ;
#551 = DIRECTION ( 'NONE',  ( 1.000000000000000000, -0.000000000000000000, -0.000000000000000000 ) ) ;
#552 = VECTOR ( 'NONE', #1471, 1000.000000000000000 ) ;
#553 = AXIS2_PLACEMENT_3D ( 'NONE', #674, #984, #827 ) ;
#554 = ORIENTED_EDGE ( 'NONE', *, *, #226, .F. ) ;
#555 = CARTESIAN_POINT ( 'NONE',  ( 15.00000000000000000, 16.00000000000000000, 0.000000000000000000 ) ) ;
#556 = ORIENTED_EDGE ( 'NONE', *, *, #1891, .T. ) ;
#557 = CARTESIAN_POINT ( 'NONE',  ( 9.599999999999997868, -8.000000000000065725, 16.50640646055098060 ) ) ;
#558 = ORIENTED_EDGE ( 'NONE', *, *, #226, .T. ) ;
#559 = DIRECTION ( 'NONE',  ( -1.000000000000000000, -0.000000000000000000, -0.000000000000000000 ) ) ;
#560 = EDGE_CURVE ( 'NONE', #1836, #1703, #532, .T. ) ;
#561 = EDGE_LOOP ( 'NONE', ( #101, #549, #1059, #539 ) ) ;
#562 = FACE_OUTER_BOUND ( 'NONE', #1728, .T. ) ;
#563 = ORIENTED_EDGE ( 'NONE', *, *, #807, .T. ) ;
#564 = DIRECTION ( 'NONE',  ( 1.000000000000000000, -0.000000000000000000, -0.000000000000000000 ) ) ;
#565 = CARTESIAN_POINT ( 'NONE',  ( 11.59999999999999964, -19.04048016698972745, 17.86027429620919094 ) ) ;
#566 = ORIENTED_EDGE ( 'NONE', *, *, #1723, .F. ) ;
#567 = CARTESIAN_POINT ( 'NONE',  ( 15.00000000000000000, -3.132628613281330576, 22.19467667297144331 ) ) ;
#568 = VERTEX_POINT ( 'NONE', #1343 ) ;
#569 = DIRECTION ( 'NONE',  ( -0.000000000000000000, 4.625929269271485791E-17, 1.000000000000000000 ) ) ;
#570 = EDGE_CURVE ( 'NONE', #1369, #1661, #1205, .T. ) ;
#571 = ORIENTED_EDGE ( 'NONE', *, *, #480, .F. ) ;
#572 = DIRECTION ( 'NONE',  ( 0.000000000000000000, 0.8788534316656944068, -0.4770918629042343873 ) ) ;
#573 = AXIS2_PLACEMENT_3D ( 'NONE', #973, #492, #160 ) ;
#574 = DIRECTION ( 'NONE',  ( 1.000000000000000000, -0.000000000000000000, -0.000000000000000000 ) ) ;
#575 = ORIENTED_EDGE ( 'NONE', *, *, #280, .T. ) ;
#576 = FACE_OUTER_BOUND ( 'NONE', #1869, .T. ) ;
#577 = AXIS2_PLACEMENT_3D ( 'NONE', #1259, #22, #1730 ) ;
#578 = ORIENTED_EDGE ( 'NONE', *, *, #78, .T. ) ;
#579 = DIRECTION ( 'NONE',  ( 1.000000000000000000, -0.000000000000000000, -0.000000000000000000 ) ) ;
#580 = CIRCLE ( 'NONE', #1318, 2.500000000000002220 ) ;
#581 = CIRCLE ( 'NONE', #84, 2.500000000000002220 ) ;
#582 = AXIS2_PLACEMENT_3D ( 'NONE', #718, #542, #526 ) ;
#583 = ORIENTED_EDGE ( 'NONE', *, *, #1671, .F. ) ;
#584 = AXIS2_PLACEMENT_3D ( 'NONE', #483, #328, #956 ) ;
#585 = ADVANCED_FACE ( 'NONE', ( #224 ), #846, .F. ) ;
#586 = DIRECTION ( 'NONE',  ( 1.000000000000000000, -0.000000000000000000, -0.000000000000000000 ) ) ;
#587 = DIRECTION ( 'NONE',  ( -0.000000000000000000, 1.000000000000000000, 4.625929269271486407E-17 ) ) ;
#588 = ORIENTED_EDGE ( 'NONE', *, *, #1620, .T. ) ;
#589 = CYLINDRICAL_SURFACE ( 'NONE', #151, 2.649999999999995914 ) ;
#590 = VERTEX_POINT ( 'NONE', #1309 ) ;
#591 = CARTESIAN_POINT ( 'NONE',  ( -3.000000000000000000, -13.99999999999998579, 100.0000000000000000 ) ) ;
#592 = ORIENTED_EDGE ( 'NONE', *, *, #1433, .T. ) ;
#593 = DIRECTION ( 'NONE',  ( 1.000000000000000000, -0.000000000000000000, -0.000000000000000000 ) ) ;
#594 = EDGE_CURVE ( 'NONE', #470, #73, #1104, .T. ) ;
#595 = EDGE_CURVE ( 'NONE', #448, #719, #1150, .T. ) ;
#596 = LINE ( 'NONE', #274, #1751 ) ;
#597 = EDGE_LOOP ( 'NONE', ( #1898, #275, #900, #209 ) ) ;
#598 = DIRECTION ( 'NONE',  ( 0.000000000000000000, 0.000000000000000000, -1.000000000000000000 ) ) ;
#599 = ORIENTED_EDGE ( 'NONE', *, *, #1141, .F. ) ;
#600 = CARTESIAN_POINT ( 'NONE',  ( 15.00100000000000300, 0.000000000000000000, 152.5000000000000000 ) ) ;
#601 = VERTEX_POINT ( 'NONE', #1169 ) ;
#602 = CARTESIAN_POINT ( 'NONE',  ( 15.00000000000000000, -19.04048016698952139, -14.61027429620945561 ) ) ;
#603 = DIRECTION ( 'NONE',  ( 1.000000000000000000, -0.000000000000000000, -0.000000000000000000 ) ) ;
#604 = ORIENTED_EDGE ( 'NONE', *, *, #2018, .T. ) ;
#605 = DIRECTION ( 'NONE',  ( 1.000000000000000000, -0.000000000000000000, -0.000000000000000000 ) ) ;
#606 = EDGE_CURVE ( 'NONE', #1326, #1546, #517, .T. ) ;
#607 = EDGE_LOOP ( 'NONE', ( #1203, #1062, #556, #1966 ) ) ;
#608 = AXIS2_PLACEMENT_3D ( 'NONE', #1047, #889, #1027 ) ;
#609 = DIRECTION ( 'NONE',  ( -1.000000000000000000, -0.000000000000000000, -0.000000000000000000 ) ) ;
#610 = VECTOR ( 'NONE', #143, 1000.000000000000000 ) ;
#611 = CARTESIAN_POINT ( 'NONE',  ( 15.00000000000000000, 39.00000000000000000, -2.388061258337338544E-15 ) ) ;
#612 = ORIENTED_EDGE ( 'NONE', *, *, #1606, .F. ) ;
#613 = AXIS2_PLACEMENT_3D ( 'NONE', #800, #1897, #1767 ) ;
#614 = PLANE ( 'NONE',  #847 ) ;
#615 = DIRECTION ( 'NONE',  ( 1.000000000000000000, -0.000000000000000000, -0.000000000000000000 ) ) ;
#616 = CARTESIAN_POINT ( 'NONE',  ( 11.59999999999999964, 22.17310878027087639, -9.184402376762173859 ) ) ;
#617 = ORIENTED_EDGE ( 'NONE', *, *, #2005, .T. ) ;
#618 = CARTESIAN_POINT ( 'NONE',  ( 11.59999999999999964, 22.17310878027087639, -9.184402376762173859 ) ) ;
#619 = ORIENTED_EDGE ( 'NONE', *, *, #207, .F. ) ;
#620 = DIRECTION ( 'NONE',  ( -1.000000000000000000, -0.000000000000000000, -0.000000000000000000 ) ) ;
#621 = ADVANCED_FACE ( 'NONE', ( #863 ), #1183, .F. ) ;
#622 = DIRECTION ( 'NONE',  ( 0.000000000000000000, 0.000000000000000000, -1.000000000000000000 ) ) ;
#623 = ORIENTED_EDGE ( 'NONE', *, *, #1126, .T. ) ;
#624 = DIRECTION ( 'NONE',  ( 0.000000000000000000, 0.000000000000000000, -1.000000000000000000 ) ) ;
#625 = CARTESIAN_POINT ( 'NONE',  ( 0.000000000000000000, -19.04048016698952139, -14.61027429620945561 ) ) ;
#626 = CARTESIAN_POINT ( 'NONE',  ( 15.00000000000000000, -8.000000000000065725, 8.856406460550990900 ) ) ;
#627 = ORIENTED_EDGE ( 'NONE', *, *, #1663, .T. ) ;
#628 = CARTESIAN_POINT ( 'NONE',  ( 15.00000000000000000, 16.00000000000000000, 2.649999999999997691 ) ) ;
#629 = DIRECTION ( 'NONE',  ( 1.000000000000000000, -0.000000000000000000, -0.000000000000000000 ) ) ;
#630 = EDGE_CURVE ( 'NONE', #1031, #1912, #742, .T. ) ;
#631 = ORIENTED_EDGE ( 'NONE', *, *, #1760, .F. ) ;
#632 = FACE_BOUND ( 'NONE', #1921, .T. ) ;
#633 = EDGE_CURVE ( 'NONE', #85, #1384, #379, .T. ) ;
#634 = DIRECTION ( 'NONE',  ( 1.000000000000000000, -0.000000000000000000, -0.000000000000000000 ) ) ;
#635 = DIRECTION ( 'NONE',  ( 1.000000000000000000, -0.000000000000000000, -0.000000000000000000 ) ) ;
#636 = LINE ( 'NONE', #1274, #1510 ) ;
#637 = VERTEX_POINT ( 'NONE', #235 ) ;
#638 = PLANE ( 'NONE',  #1479 ) ;
#639 = DIRECTION ( 'NONE',  ( 0.000000000000000000, 4.625929269271485791E-17, -1.000000000000000000 ) ) ;
#640 = CIRCLE ( 'NONE', #473, 19.99999999999998934 ) ;
#641 = VERTEX_POINT ( 'NONE', #993 ) ;
#642 = AXIS2_PLACEMENT_3D ( 'NONE', #54, #1963, #391 ) ;
#643 = AXIS2_PLACEMENT_3D ( 'NONE', #1937, #795, #1414 ) ;
#644 = AXIS2_PLACEMENT_3D ( 'NONE', #1135, #1781, #1533 ) ;
#645 = DIRECTION ( 'NONE',  ( 0.000000000000000000, 0.000000000000000000, -1.000000000000000000 ) ) ;
#646 = AXIS2_PLACEMENT_3D ( 'NONE', #325, #1127, #202 ) ;
#647 = EDGE_CURVE ( 'NONE', #1367, #1051, #1539, .T. ) ;
#648 = EDGE_CURVE ( 'NONE', #675, #895, #1579, .T. ) ;
#649 = CARTESIAN_POINT ( 'NONE',  ( 15.00000000000000000, 22.17310878027087284, 9.184402376762170306 ) ) ;
#650 = CARTESIAN_POINT ( 'NONE',  ( 0.000000000000000000, 0.000000000000000000, 150.0000000000000000 ) ) ;
#651 = VECTOR ( 'NONE', #635, 1000.000000000000000 ) ;
#652 = EDGE_LOOP ( 'NONE', ( #440, #1117 ) ) ;
#653 = CYLINDRICAL_SURFACE ( 'NONE', #1038, 4.999999999999993783 ) ;
#654 = DIRECTION ( 'NONE',  ( 0.000000000000000000, 0.000000000000000000, -1.000000000000000000 ) ) ;
#655 = FACE_OUTER_BOUND ( 'NONE', #423, .T. ) ;
#656 = DIRECTION ( 'NONE',  ( 0.000000000000000000, 0.000000000000000000, -1.000000000000000000 ) ) ;
#657 = ORIENTED_EDGE ( 'NONE', *, *, #1551, .T. ) ;
#658 = CARTESIAN_POINT ( 'NONE',  ( 15.00000000000000000, 22.17310878027087284, 7.584402376762168885 ) ) ;
#659 = DIRECTION ( 'NONE',  ( 1.000000000000000000, -0.000000000000000000, -0.000000000000000000 ) ) ;
#660 = EDGE_CURVE ( 'NONE', #1688, #1149, #875, .T. ) ;
#661 = DIRECTION ( 'NONE',  ( -1.000000000000000000, -0.000000000000000000, -0.000000000000000000 ) ) ;
#662 = ORIENTED_EDGE ( 'NONE', *, *, #570, .F. ) ;
#663 = PLANE ( 'NONE',  #644 ) ;
#664 = FACE_OUTER_BOUND ( 'NONE', #891, .T. ) ;
#665 = ORIENTED_EDGE ( 'NONE', *, *, #1591, .F. ) ;
#666 = DIRECTION ( 'NONE',  ( -1.000000000000000000, -0.000000000000000000, -0.000000000000000000 ) ) ;
#667 = VERTEX_POINT ( 'NONE', #1971 ) ;
#668 = CARTESIAN_POINT ( 'NONE',  ( 15.00000000000000000, 22.17310878027087284, 12.43440237676216853 ) ) ;
#669 = CARTESIAN_POINT ( 'NONE',  ( 26.00000000000001066, 19.99999999999998934, 150.0000000000000000 ) ) ;
#670 = LINE ( 'NONE', #683, #377 ) ;
#671 = ORIENTED_EDGE ( 'NONE', *, *, #1577, .T. ) ;
#672 = DIRECTION ( 'NONE',  ( 0.000000000000000000, 0.000000000000000000, -1.000000000000000000 ) ) ;
#673 = EDGE_CURVE ( 'NONE', #1314, #667, #1931, .T. ) ;
#674 = CARTESIAN_POINT ( 'NONE',  ( 11.59999999999999964, -19.04048016698952139, -14.61027429620945561 ) ) ;
#675 = VERTEX_POINT ( 'NONE', #1667 ) ;
#676 = CYLINDRICAL_SURFACE ( 'NONE', #978, 19.99999999999998934 ) ;
#677 = AXIS2_PLACEMENT_3D ( 'NONE', #1056, #99, #728 ) ;
#678 = ORIENTED_EDGE ( 'NONE', *, *, #1423, .T. ) ;
#679 = AXIS2_PLACEMENT_3D ( 'NONE', #1777, #186, #1807 ) ;
#680 = CARTESIAN_POINT ( 'NONE',  ( 15.00000000000000000, 22.17310878027087284, 9.184402376762170306 ) ) ;
#681 = VECTOR ( 'NONE', #1462, 1000.000000000000000 ) ;
#682 = AXIS2_PLACEMENT_3D ( 'NONE', #1810, #551, #384 ) ;
#683 = CARTESIAN_POINT ( 'NONE',  ( 15.00000000000000000, -19.99999999999998934, 150.0000000000000000 ) ) ;
#684 = AXIS2_PLACEMENT_3D ( 'NONE', #1424, #629, #767 ) ;
#685 = AXIS2_PLACEMENT_3D ( 'NONE', #340, #1737, #1116 ) ;
#686 = CIRCLE ( 'NONE', #942, 10.00000000000000000 ) ;
#687 = ORIENTED_EDGE ( 'NONE', *, *, #330, .F. ) ;
#688 = DIRECTION ( 'NONE',  ( 1.000000000000000000, -0.000000000000000000, -0.000000000000000000 ) ) ;
#689 = AXIS2_PLACEMENT_3D ( 'NONE', #194, #1764, #963 ) ;
#690 = PLANE ( 'NONE',  #1911 ) ;
#691 = CARTESIAN_POINT ( 'NONE',  ( 0.000000000000000000, -7.999999999999872102, -13.85640646055109215 ) ) ;
#692 = ADVANCED_FACE ( 'NONE', ( #508 ), #663, .T. ) ;
#693 = ADVANCED_FACE ( 'NONE', ( #576 ), #95, .F. ) ;
#694 = VERTEX_POINT ( 'NONE', #914 ) ;
#695 = DIRECTION ( 'NONE',  ( 1.000000000000000000, -0.000000000000000000, -0.000000000000000000 ) ) ;
#696 = VERTEX_POINT ( 'NONE', #716 ) ;
#697 = PLANE ( 'NONE',  #871 ) ;
#698 = ORIENTED_EDGE ( 'NONE', *, *, #702, .T. ) ;
#699 = CARTESIAN_POINT ( 'NONE',  ( 11.59999999999999964, -19.04048016698952139, -14.61027429620945561 ) ) ;
#700 = EDGE_CURVE ( 'NONE', #1425, #601, #1697, .T. ) ;
#701 = ORIENTED_EDGE ( 'NONE', *, *, #537, .T. ) ;
#702 = EDGE_CURVE ( 'NONE', #2056, #793, #1208, .T. ) ;
#703 = CARTESIAN_POINT ( 'NONE',  ( 0.000000000000000000, -19.04048016698952139, -16.21027429620945526 ) ) ;
#704 = EDGE_LOOP ( 'NONE', ( #599, #406, #1470, #708 ) ) ;
#705 = DIRECTION ( 'NONE',  ( 0.000000000000000000, 0.000000000000000000, -1.000000000000000000 ) ) ;
#706 = ORIENTED_EDGE ( 'NONE', *, *, #128, .F. ) ;
#707 = CARTESIAN_POINT ( 'NONE',  ( 0.000000000000000000, 1.224646799147353256E-15, 10.00000000000000000 ) ) ;
#708 = ORIENTED_EDGE ( 'NONE', *, *, #1386, .F. ) ;
#709 = CIRCLE ( 'NONE', #312, 1.600000000000000755 ) ;
#710 = DIRECTION ( 'NONE',  ( 1.000000000000000000, -0.000000000000000000, -0.000000000000000000 ) ) ;
#711 = EDGE_CURVE ( 'NONE', #637, #1664, #1071, .T. ) ;
#712 = ADVANCED_FACE ( 'NONE', ( #2014 ), #1213, .F. ) ;
#713 = AXIS2_PLACEMENT_3D ( 'NONE', #1699, #1227, #1528 ) ;
#714 = ORIENTED_EDGE ( 'NONE', *, *, #761, .F. ) ;
#715 = CIRCLE ( 'NONE', #1815, 3.249999999999999556 ) ;
#716 = CARTESIAN_POINT ( 'NONE',  ( 9.599999999999997868, 16.00000000000000000, -2.649999999999999467 ) ) ;
#717 = ORIENTED_EDGE ( 'NONE', *, *, #750, .T. ) ;
#718 = CARTESIAN_POINT ( 'NONE',  ( 11.59999999999999964, -3.132628613281330576, 23.79467667297144473 ) ) ;
#719 = VERTEX_POINT ( 'NONE', #249 ) ;
#720 = DIRECTION ( 'NONE',  ( 0.000000000000000000, 0.000000000000000000, 1.000000000000000000 ) ) ;
#721 = CARTESIAN_POINT ( 'NONE',  ( 9.599999999999997868, -8.000000000000065725, 8.856406460550989124 ) ) ;
#722 = EDGE_CURVE ( 'NONE', #1425, #368, #715, .T. ) ;
#723 = ORIENTED_EDGE ( 'NONE', *, *, #1723, .T. ) ;
#724 = CARTESIAN_POINT ( 'NONE',  ( 15.00000000000000000, 16.00000000000000000, 4.999999999999995559 ) ) ;
#725 = VERTEX_POINT ( 'NONE', #1689 ) ;
#726 = DIRECTION ( 'NONE',  ( 1.000000000000000000, -0.000000000000000000, -0.000000000000000000 ) ) ;
#727 = EDGE_LOOP ( 'NONE', ( #1596, #1738, #834, #511 ) ) ;
#728 = DIRECTION ( 'NONE',  ( 0.000000000000000000, 0.000000000000000000, -1.000000000000000000 ) ) ;
#729 = PRODUCT_DEFINITION_FORMATION_WITH_SPECIFIED_SOURCE ( 'ANY', '', #484, .NOT_KNOWN. ) ;
#730 = FACE_OUTER_BOUND ( 'NONE', #597, .T. ) ;
#731 = EDGE_LOOP ( 'NONE', ( #461, #1393, #111, #619 ) ) ;
#732 = CARTESIAN_POINT ( 'NONE',  ( 15.00000000000000000, -8.000000000000065725, 13.85640646055098379 ) ) ;
#733 = EDGE_LOOP ( 'NONE', ( #665, #259 ) ) ;
#734 = DIRECTION ( 'NONE',  ( 0.000000000000000000, 0.000000000000000000, -1.000000000000000000 ) ) ;
#735 = EDGE_CURVE ( 'NONE', #725, #1013, #437, .T. ) ;
#736 = VERTEX_POINT ( 'NONE', #876 ) ;
#737 = DIRECTION ( 'NONE',  ( 1.000000000000000000, -0.000000000000000000, -0.000000000000000000 ) ) ;
#738 = AXIS2_PLACEMENT_3D ( 'NONE', #172, #456, #1427 ) ;
#739 = DIRECTION ( 'NONE',  ( 0.000000000000000000, 0.000000000000000000, -1.000000000000000000 ) ) ;
#740 = VERTEX_POINT ( 'NONE', #2000 ) ;
#741 = CARTESIAN_POINT ( 'NONE',  ( -3.000000000000000000, 13.99999999999998579, 100.0000000000000000 ) ) ;
#742 = CIRCLE ( 'NONE', #1317, 2.649999999999997691 ) ;
#743 =( GEOMETRIC_REPRESENTATION_CONTEXT ( 3 ) GLOBAL_UNCERTAINTY_ASSIGNED_CONTEXT ( ( #215 ) ) GLOBAL_UNIT_ASSIGNED_CONTEXT ( ( #361, #490, #1595 ) ) REPRESENTATION_CONTEXT ( 'NONE', 'WORKASPACE' ) );
#744 = VECTOR ( 'NONE', #1360, 1000.000000000000000 ) ;
#745 = VERTEX_POINT ( 'NONE', #741 ) ;
#746 = DIRECTION ( 'NONE',  ( -0.000000000000000000, -0.000000000000000000, 1.000000000000000000 ) ) ;
#747 = AXIS2_PLACEMENT_3D ( 'NONE', #212, #969, #58 ) ;
#748 = AXIS2_PLACEMENT_3D ( 'NONE', #986, #236, #1482 ) ;
#749 = ADVANCED_FACE ( 'NONE', ( #268 ), #1850, .F. ) ;
#750 = EDGE_CURVE ( 'NONE', #1926, #1875, #885, .T. ) ;
#751 = VERTEX_POINT ( 'NONE', #407 ) ;
#752 = CIRCLE ( 'NONE', #1324, 1.599999999999998979 ) ;
#753 = CARTESIAN_POINT ( 'NONE',  ( -2.500000000000000000, 0.000000000000000000, 0.000000000000000000 ) ) ;
#754 = CARTESIAN_POINT ( 'NONE',  ( 15.00000000000000000, -19.04048016698972745, 17.86027429620919094 ) ) ;
#755 = ORIENTED_EDGE ( 'NONE', *, *, #359, .T. ) ;
#756 = CARTESIAN_POINT ( 'NONE',  ( 15.00100000000000300, 3.061616997868376732E-16, 147.5000000000000000 ) ) ;
#757 = ORIENTED_EDGE ( 'NONE', *, *, #1423, .F. ) ;
#758 = FACE_OUTER_BOUND ( 'NONE', #528, .T. ) ;
#759 = EDGE_LOOP ( 'NONE', ( #864, #878 ) ) ;
#760 = PLANE ( 'NONE',  #1239 ) ;
#761 = EDGE_CURVE ( 'NONE', #1051, #203, #892, .T. ) ;
#762 = CARTESIAN_POINT ( 'NONE',  ( 15.00000000000000000, 22.17310878027087639, -9.184402376762173859 ) ) ;
#763 = ORIENTED_EDGE ( 'NONE', *, *, #722, .T. ) ;
#764 = LINE ( 'NONE', #1398, #223 ) ;
#765 = ORIENTED_EDGE ( 'NONE', *, *, #155, .F. ) ;
#766 = CARTESIAN_POINT ( 'NONE',  ( 0.000000000000000000, 0.000000000000000000, 150.0000000000000000 ) ) ;
#767 = DIRECTION ( 'NONE',  ( 0.000000000000000000, 0.000000000000000000, -1.000000000000000000 ) ) ;
#768 = ORIENTED_EDGE ( 'NONE', *, *, #245, .T. ) ;
#769 = PLANE ( 'NONE',  #182 ) ;
#770 = DIRECTION ( 'NONE',  ( 0.000000000000000000, 4.625929269271485791E-17, -1.000000000000000000 ) ) ;
#771 = EDGE_LOOP ( 'NONE', ( #1402, #852, #995, #1639 ) ) ;
#772 = CARTESIAN_POINT ( 'NONE',  ( 15.00000000000000000, -3.132628613281330576, 23.79467667297144473 ) ) ;
#773 = EDGE_LOOP ( 'NONE', ( #392, #1736 ) ) ;
#774 = LINE ( 'NONE', #926, #1839 ) ;
#775 = CIRCLE ( 'NONE', #1276, 3.249999999999999556 ) ;
#776 = VECTOR ( 'NONE', #1301, 1000.000000000000000 ) ;
#777 = DIRECTION ( 'NONE',  ( 1.000000000000000000, -0.000000000000000000, -0.000000000000000000 ) ) ;
#778 = AXIS2_PLACEMENT_3D ( 'NONE', #110, #1190, #1718 ) ;
#779 = PLANE ( 'NONE',  #1310 ) ;
#780 = CARTESIAN_POINT ( 'NONE',  ( 15.00000000000000000, -3.132628613280998842, -23.79467667297147671 ) ) ;
#781 = DIRECTION ( 'NONE',  ( 1.000000000000000000, -0.000000000000000000, -0.000000000000000000 ) ) ;
#782 = CARTESIAN_POINT ( 'NONE',  ( 15.00000000000000000, 22.17310878027087639, -5.934402376762173859 ) ) ;
#783 = EDGE_CURVE ( 'NONE', #1149, #1688, #1543, .T. ) ;
#784 = ORIENTED_EDGE ( 'NONE', *, *, #1492, .T. ) ;
#785 = DIRECTION ( 'NONE',  ( -1.000000000000000000, 0.000000000000000000, 0.000000000000000000 ) ) ;
#786 = ADVANCED_FACE ( 'NONE', ( #1525 ), #589, .F. ) ;
#787 = DIRECTION ( 'NONE',  ( 0.000000000000000000, 0.000000000000000000, -1.000000000000000000 ) ) ;
#788 = DIRECTION ( 'NONE',  ( 0.000000000000000000, -4.625929269271486407E-17, -1.000000000000000000 ) ) ;
#789 = FACE_OUTER_BOUND ( 'NONE', #1163, .T. ) ;
#790 = FACE_OUTER_BOUND ( 'NONE', #1888, .T. ) ;
#791 = CARTESIAN_POINT ( 'NONE',  ( 26.00000000000001066, 39.00000000000000000, 14.99999999999999467 ) ) ;
#792 = DIRECTION ( 'NONE',  ( -1.000000000000000000, -0.000000000000000000, -0.000000000000000000 ) ) ;
#793 = VERTEX_POINT ( 'NONE', #290 ) ;
#794 = CARTESIAN_POINT ( 'NONE',  ( 11.59999999999999964, -1.532628613280996532, -23.79467667297147671 ) ) ;
#795 = DIRECTION ( 'NONE',  ( 1.000000000000000000, 0.000000000000000000, 0.000000000000000000 ) ) ;
#796 = FACE_BOUND ( 'NONE', #1391, .T. ) ;
#797 = EDGE_CURVE ( 'NONE', #1951, #344, #941, .T. ) ;
#798 = DIRECTION ( 'NONE',  ( 0.000000000000000000, -0.000000000000000000, -1.000000000000000000 ) ) ;
#799 = CARTESIAN_POINT ( 'NONE',  ( 11.59999999999999964, -19.04048016698952139, -16.21027429620945526 ) ) ;
#800 = CARTESIAN_POINT ( 'NONE',  ( 15.00000000000000000, -3.132628613281330576, 23.79467667297144473 ) ) ;
#801 = VERTEX_POINT ( 'NONE', #1704 ) ;
#802 = DIRECTION ( 'NONE',  ( 0.000000000000000000, 0.000000000000000000, 1.000000000000000000 ) ) ;
#803 = CARTESIAN_POINT ( 'NONE',  ( 15.00000000000000000, -3.132628613281330576, 23.79467667297144473 ) ) ;
#804 = AXIS2_PLACEMENT_3D ( 'NONE', #81, #710, #1350 ) ;
#805 = CARTESIAN_POINT ( 'NONE',  ( 15.00000000000000000, -3.132628613281330132, 27.04467667297144118 ) ) ;
#806 = AXIS2_PLACEMENT_3D ( 'NONE', #1519, #432, #1868 ) ;
#807 = EDGE_CURVE ( 'NONE', #1664, #866, #276, .T. ) ;
#808 = DIRECTION ( 'NONE',  ( 1.000000000000000000, -0.000000000000000000, -0.000000000000000000 ) ) ;
#809 = VECTOR ( 'NONE', #241, 1000.000000000000000 ) ;
#810 = VERTEX_POINT ( 'NONE', #1234 ) ;
#811 = DIRECTION ( 'NONE',  ( 1.000000000000000000, 0.000000000000000000, 0.000000000000000000 ) ) ;
#812 = AXIS2_PLACEMENT_3D ( 'NONE', #1091, #1254, #899 ) ;
#813 = CARTESIAN_POINT ( 'NONE',  ( 11.59999999999999964, -3.132628613281330576, 23.79467667297144473 ) ) ;
#814 = CARTESIAN_POINT ( 'NONE',  ( 15.00000000000000000, -19.04048016698952139, -14.61027429620945561 ) ) ;
#815 = EDGE_LOOP ( 'NONE', ( #26, #657 ) ) ;
#816 = CARTESIAN_POINT ( 'NONE',  ( -3.000000000000000000, 13.99999999999998579, 90.00000000000000000 ) ) ;
#817 = DIRECTION ( 'NONE',  ( 0.000000000000000000, 0.000000000000000000, -1.000000000000000000 ) ) ;
#818 = DIRECTION ( 'NONE',  ( -1.000000000000000000, 0.000000000000000000, 0.000000000000000000 ) ) ;
#819 = CARTESIAN_POINT ( 'NONE',  ( 0.000000000000000000, 0.000000000000000000, 152.5000000000000000 ) ) ;
#820 = ORIENTED_EDGE ( 'NONE', *, *, #999, .F. ) ;
#821 = DIRECTION ( 'NONE',  ( 1.000000000000000000, -0.000000000000000000, -0.000000000000000000 ) ) ;
#822 = DIRECTION ( 'NONE',  ( 0.000000000000000000, 0.000000000000000000, -1.000000000000000000 ) ) ;
#823 = DIRECTION ( 'NONE',  ( 1.000000000000000000, 0.000000000000000000, 0.000000000000000000 ) ) ;
#824 = EDGE_CURVE ( 'NONE', #923, #1397, #1030, .T. ) ;
#825 = ORIENTED_EDGE ( 'NONE', *, *, #824, .T. ) ;
#826 = CYLINDRICAL_SURFACE ( 'NONE', #50, 2.649999999999997691 ) ;
#827 = DIRECTION ( 'NONE',  ( 0.000000000000000000, 0.000000000000000000, -1.000000000000000000 ) ) ;
#828 = CARTESIAN_POINT ( 'NONE',  ( 0.000000000000000000, 0.000000000000000000, 0.000000000000000000 ) ) ;
#829 = ORIENTED_EDGE ( 'NONE', *, *, #359, .F. ) ;
#830 = FACE_OUTER_BOUND ( 'NONE', #561, .T. ) ;
#831 = DIRECTION ( 'NONE',  ( -1.000000000000000000, -0.000000000000000000, -0.000000000000000000 ) ) ;
#832 = EDGE_CURVE ( 'NONE', #376, #725, #904, .T. ) ;
#833 = EDGE_CURVE ( 'NONE', #1379, #46, #1177, .T. ) ;
#834 = ORIENTED_EDGE ( 'NONE', *, *, #761, .T. ) ;
#835 = CARTESIAN_POINT ( 'NONE',  ( 15.00000000000000000, 16.00000000000000000, 0.000000000000000000 ) ) ;
#836 = DIRECTION ( 'NONE',  ( -1.000000000000000000, -0.000000000000000000, -0.000000000000000000 ) ) ;
#837 = EDGE_LOOP ( 'NONE', ( #905, #364, #1079, #1211 ) ) ;
#838 = LINE ( 'NONE', #375, #1323 ) ;
#839 = AXIS2_PLACEMENT_3D ( 'NONE', #861, #737, #1375 ) ;
#840 = ORIENTED_EDGE ( 'NONE', *, *, #949, .F. ) ;
#841 = AXIS2_PLACEMENT_3D ( 'NONE', #462, #1568, #1583 ) ;
#842 = CIRCLE ( 'NONE', #903, 2.649999999999995914 ) ;
#843 = CARTESIAN_POINT ( 'NONE',  ( 15.00000000000000000, -3.132628613280998398, -20.54467667297147671 ) ) ;
#844 = CIRCLE ( 'NONE', #227, 10.00000000000000000 ) ;
#845 = EDGE_LOOP ( 'NONE', ( #1072, #915 ) ) ;
#846 = CYLINDRICAL_SURFACE ( 'NONE', #1143, 3.249999999999999556 ) ;
#847 = AXIS2_PLACEMENT_3D ( 'NONE', #347, #1597, #943 ) ;
#848 = AXIS2_PLACEMENT_3D ( 'NONE', #1998, #603, #1240 ) ;
#849 = EDGE_CURVE ( 'NONE', #1397, #751, #1320, .T. ) ;
#850 = DIRECTION ( 'NONE',  ( -1.000000000000000000, -0.000000000000000000, -0.000000000000000000 ) ) ;
#851 = EDGE_CURVE ( 'NONE', #913, #1942, #118, .T. ) ;
#852 = ORIENTED_EDGE ( 'NONE', *, *, #1660, .T. ) ;
#853 = CYLINDRICAL_SURFACE ( 'NONE', #679, 1.600000000000000755 ) ;
#854 = EDGE_LOOP ( 'NONE', ( #571, #2048, #1690, #1527 ) ) ;
#855 = DIRECTION ( 'NONE',  ( 0.000000000000000000, -0.4770918629042343317, -0.8788534316656942957 ) ) ;
#856 = ORIENTED_EDGE ( 'NONE', *, *, #1261, .F. ) ;
#857 = CARTESIAN_POINT ( 'NONE',  ( -3.000000000000000000, -13.99999999999998401, 100.0000000000000000 ) ) ;
#858 = ADVANCED_FACE ( 'NONE', ( #1887 ), #1429, .F. ) ;
#859 = ADVANCED_FACE ( 'NONE', ( #1407 ), #141, .T. ) ;
#860 = ORIENTED_EDGE ( 'NONE', *, *, #673, .T. ) ;
#861 = CARTESIAN_POINT ( 'NONE',  ( 15.00000000000000000, -8.000000000000065725, 13.85640646055098379 ) ) ;
#862 = EDGE_LOOP ( 'NONE', ( #200, #252, #1495, #382 ) ) ;
#863 = FACE_OUTER_BOUND ( 'NONE', #1668, .T. ) ;
#864 = ORIENTED_EDGE ( 'NONE', *, *, #633, .F. ) ;
#865 = CARTESIAN_POINT ( 'NONE',  ( 15.00000000000000000, 22.17310878027087639, -5.934402376762173859 ) ) ;
#866 = VERTEX_POINT ( 'NONE', #626 ) ;
#867 = EDGE_CURVE ( 'NONE', #1160, #2022, #520, .T. ) ;
#868 = CIRCLE ( 'NONE', #738, 4.999999999999993783 ) ;
#869 = VECTOR ( 'NONE', #821, 1000.000000000000000 ) ;
#870 = FACE_OUTER_BOUND ( 'NONE', #1458, .T. ) ;
#871 = AXIS2_PLACEMENT_3D ( 'NONE', #42, #983, #1627 ) ;
#872 = FACE_BOUND ( 'NONE', #216, .T. ) ;
#873 = VECTOR ( 'NONE', #639, 1000.000000000000000 ) ;
#874 = ORIENTED_EDGE ( 'NONE', *, *, #1606, .T. ) ;
#875 = CIRCLE ( 'NONE', #1651, 2.649999999999997691 ) ;
#876 = CARTESIAN_POINT ( 'NONE',  ( 0.000000000000000000, -19.04048016698952139, -13.01027429620945597 ) ) ;
#877 = AXIS2_PLACEMENT_3D ( 'NONE', #326, #178, #1785 ) ;
#878 = ORIENTED_EDGE ( 'NONE', *, *, #1526, .F. ) ;
#879 = FACE_OUTER_BOUND ( 'NONE', #1372, .T. ) ;
#880 = ORIENTED_EDGE ( 'NONE', *, *, #497, .T. ) ;
#881 = CARTESIAN_POINT ( 'NONE',  ( 15.00000000000000000, -8.000000000000065725, 18.85640646055097847 ) ) ;
#882 = CARTESIAN_POINT ( 'NONE',  ( 26.00000000000001066, 0.000000000000000000, 169.9999999999999716 ) ) ;
#883 = ORIENTED_EDGE ( 'NONE', *, *, #1339, .T. ) ;
#884 = EDGE_CURVE ( 'NONE', #1774, #1666, #1581, .T. ) ;
#885 = LINE ( 'NONE', #724, #1042 ) ;
#886 = ORIENTED_EDGE ( 'NONE', *, *, #2031, .F. ) ;
#887 = DIRECTION ( 'NONE',  ( 0.000000000000000000, 0.000000000000000000, -1.000000000000000000 ) ) ;
#888 = EDGE_LOOP ( 'NONE', ( #662, #953, #1044, #1420 ) ) ;
#889 = DIRECTION ( 'NONE',  ( 1.000000000000000000, 0.000000000000000000, 0.000000000000000000 ) ) ;
#890 = CARTESIAN_POINT ( 'NONE',  ( 0.000000000000000000, 19.99999999999998934, 90.00000000000000000 ) ) ;
#891 = EDGE_LOOP ( 'NONE', ( #1364, #2030, #950, #1818 ) ) ;
#892 = LINE ( 'NONE', #567, #744 ) ;
#893 = PRODUCT_DEFINITION ( 'UNKNOWN', '', #729, #1144 ) ;
#894 = EDGE_CURVE ( 'NONE', #1826, #1821, #353, .T. ) ;
#895 = VERTEX_POINT ( 'NONE', #782 ) ;
#896 = CARTESIAN_POINT ( 'NONE',  ( 9.599999999999997868, 16.00000000000000000, 2.649999999999999467 ) ) ;
#897 = ORIENTED_EDGE ( 'NONE', *, *, #1576, .T. ) ;
#898 = CARTESIAN_POINT ( 'NONE',  ( 11.59999999999999964, -19.04048016698952139, -13.01027429620945419 ) ) ;
#899 = DIRECTION ( 'NONE',  ( 0.000000000000000000, 0.000000000000000000, -1.000000000000000000 ) ) ;
#900 = ORIENTED_EDGE ( 'NONE', *, *, #61, .T. ) ;
#901 = CARTESIAN_POINT ( 'NONE',  ( 15.00000000000000000, -7.999999999999872102, -13.85640646055109215 ) ) ;
#902 = AXIS2_PLACEMENT_3D ( 'NONE', #1476, #67, #365 ) ;
#903 = AXIS2_PLACEMENT_3D ( 'NONE', #293, #917, #787 ) ;
#904 = CIRCLE ( 'NONE', #1843, 2.500000000000002220 ) ;
#905 = ORIENTED_EDGE ( 'NONE', *, *, #975, .F. ) ;
#906 = CARTESIAN_POINT ( 'NONE',  ( 15.00000000000000000, -3.132628613281330576, 20.54467667297144473 ) ) ;
#907 = ADVANCED_FACE ( 'NONE', ( #1264 ), #299, .F. ) ;
#908 = VERTEX_POINT ( 'NONE', #469 ) ;
#909 = EDGE_CURVE ( 'NONE', #1257, #1826, #636, .T. ) ;
#910 = VECTOR ( 'NONE', #781, 1000.000000000000000 ) ;
#911 = CYLINDRICAL_SURFACE ( 'NONE', #380, 3.249999999999999556 ) ;
#912 = CARTESIAN_POINT ( 'NONE',  ( 11.59999999999999964, -19.04048016698972745, 11.36027429620919449 ) ) ;
#913 = VERTEX_POINT ( 'NONE', #2033 ) ;
#914 = CARTESIAN_POINT ( 'NONE',  ( 15.00000000000000000, 0.000000000000000000, 169.9999999999999716 ) ) ;
#915 = ORIENTED_EDGE ( 'NONE', *, *, #919, .T. ) ;
#916 = DIRECTION ( 'NONE',  ( 0.000000000000000000, 0.000000000000000000, -1.000000000000000000 ) ) ;
#917 = DIRECTION ( 'NONE',  ( 1.000000000000000000, 0.000000000000000000, 0.000000000000000000 ) ) ;
#918 = ORIENTED_EDGE ( 'NONE', *, *, #245, .F. ) ;
#919 = EDGE_CURVE ( 'NONE', #1666, #1774, #1279, .T. ) ;
#920 = EDGE_CURVE ( 'NONE', #142, #1821, #449, .T. ) ;
#921 = LINE ( 'NONE', #1927, #869 ) ;
#922 = FACE_BOUND ( 'NONE', #1138, .T. ) ;
#923 = VERTEX_POINT ( 'NONE', #322 ) ;
#924 = DIRECTION ( 'NONE',  ( 1.000000000000000000, -0.000000000000000000, -0.000000000000000000 ) ) ;
#925 = ORIENTED_EDGE ( 'NONE', *, *, #1552, .T. ) ;
#926 = CARTESIAN_POINT ( 'NONE',  ( 0.000000000000000000, -19.99999999999998934, 150.0000000000000000 ) ) ;
#927 = FACE_BOUND ( 'NONE', #536, .T. ) ;
#928 = FACE_OUTER_BOUND ( 'NONE', #1480, .T. ) ;
#929 = CARTESIAN_POINT ( 'NONE',  ( 15.00000000000000000, -19.04048016698952139, -14.61027429620945561 ) ) ;
#930 = CARTESIAN_POINT ( 'NONE',  ( 0.000000000000000000, -3.132628613281330576, 25.39467667297144260 ) ) ;
#931 = EDGE_CURVE ( 'NONE', #568, #601, #1410, .T. ) ;
#932 = PLANE ( 'NONE',  #23 ) ;
#933 = DIRECTION ( 'NONE',  ( 0.000000000000000000, 0.000000000000000000, -1.000000000000000000 ) ) ;
#934 = EDGE_LOOP ( 'NONE', ( #1518, #1064, #82, #450 ) ) ;
#935 = AXIS2_PLACEMENT_3D ( 'NONE', #271, #292, #1708 ) ;
#936 = DIRECTION ( 'NONE',  ( 0.000000000000000000, 0.000000000000000000, -1.000000000000000000 ) ) ;
#937 = AXIS2_PLACEMENT_3D ( 'NONE', #350, #811, #1322 ) ;
#938 = VECTOR ( 'NONE', #734, 1000.000000000000000 ) ;
#939 = LINE ( 'NONE', #1569, #283 ) ;
#940 = VERTEX_POINT ( 'NONE', #1600 ) ;
#941 = CIRCLE ( 'NONE', #1010, 1.600000000000000755 ) ;
#942 = AXIS2_PLACEMENT_3D ( 'NONE', #828, #850, #1498 ) ;
#943 = DIRECTION ( 'NONE',  ( 0.000000000000000000, 0.000000000000000000, 1.000000000000000000 ) ) ;
#944 = DIRECTION ( 'NONE',  ( -0.4472135954999580942, -0.8944271909999157444, 0.000000000000000000 ) ) ;
#945 = AXIS2_PLACEMENT_3D ( 'NONE', #1773, #1460, #1448 ) ;
#946 = CIRCLE ( 'NONE', #1655, 3.249999999999999556 ) ;
#947 = PLANE ( 'NONE',  #231 ) ;
#948 = CARTESIAN_POINT ( 'NONE',  ( 15.00000000000000000, -3.132628613280998842, -23.79467667297147671 ) ) ;
#949 = EDGE_CURVE ( 'NONE', #1013, #1984, #2008, .T. ) ;
#950 = ORIENTED_EDGE ( 'NONE', *, *, #281, .T. ) ;
#951 = LINE ( 'NONE', #816, #282 ) ;
#952 = FACE_OUTER_BOUND ( 'NONE', #1986, .T. ) ;
#953 = ORIENTED_EDGE ( 'NONE', *, *, #180, .T. ) ;
#954 = FACE_OUTER_BOUND ( 'NONE', #1246, .T. ) ;
#955 = CARTESIAN_POINT ( 'NONE',  ( 0.000000000000000000, 19.99999999999998934, 150.0000000000000000 ) ) ;
#956 = DIRECTION ( 'NONE',  ( 0.000000000000000000, 0.000000000000000000, -1.000000000000000000 ) ) ;
#957 = DIRECTION ( 'NONE',  ( 1.000000000000000000, -0.000000000000000000, -0.000000000000000000 ) ) ;
#958 = ORIENTED_EDGE ( 'NONE', *, *, #1894, .F. ) ;
#959 = CARTESIAN_POINT ( 'NONE',  ( 11.59999999999999964, -17.44048016698972248, 14.61027429620919449 ) ) ;
#960 = EDGE_CURVE ( 'NONE', #1661, #2022, #764, .T. ) ;
#961 = LINE ( 'NONE', #463, #1315 ) ;
#962 = FACE_BOUND ( 'NONE', #733, .T. ) ;
#963 = DIRECTION ( 'NONE',  ( 0.000000000000000000, 0.000000000000000000, -1.000000000000000000 ) ) ;
#964 = ORIENTED_EDGE ( 'NONE', *, *, #1670, .T. ) ;
#965 = DIRECTION ( 'NONE',  ( 1.000000000000000000, -0.000000000000000000, -0.000000000000000000 ) ) ;
#966 = DIRECTION ( 'NONE',  ( 1.000000000000000000, -0.000000000000000000, -0.000000000000000000 ) ) ;
#967 = ORIENTED_EDGE ( 'NONE', *, *, #1620, .F. ) ;
#968 = DIRECTION ( 'NONE',  ( -1.000000000000000000, -0.000000000000000000, -0.000000000000000000 ) ) ;
#969 = DIRECTION ( 'NONE',  ( 1.000000000000000000, 0.000000000000000000, 0.000000000000000000 ) ) ;
#970 = CIRCLE ( 'NONE', #804, 4.999999999999993783 ) ;
#971 = ORIENTED_EDGE ( 'NONE', *, *, #722, .F. ) ;
#972 = AXIS2_PLACEMENT_3D ( 'NONE', #7, #489, #1125 ) ;
#973 = CARTESIAN_POINT ( 'NONE',  ( 15.00000000000000000, -8.000000000000065725, 13.85640646055098379 ) ) ;
#975 = EDGE_CURVE ( 'NONE', #75, #1384, #1242, .T. ) ;
#974 = VECTOR ( 'NONE', #399, 1000.000000000000000 ) ;
#976 = ORIENTED_EDGE ( 'NONE', *, *, #1750, .F. ) ;
#977 = DIRECTION ( 'NONE',  ( 1.000000000000000000, -0.000000000000000000, -0.000000000000000000 ) ) ;
#978 = AXIS2_PLACEMENT_3D ( 'NONE', #69, #1005, #1330 ) ;
#979 = CARTESIAN_POINT ( 'NONE',  ( 15.00000000000000000, 16.00000000000000000, 4.999999999999993783 ) ) ;
#980 = DIRECTION ( 'NONE',  ( 1.000000000000000000, -0.000000000000000000, -0.000000000000000000 ) ) ;
#981 = AXIS2_PLACEMENT_3D ( 'NONE', #625, #1428, #1306 ) ;
#982 = ORIENTED_EDGE ( 'NONE', *, *, #1552, .F. ) ;
#983 = DIRECTION ( 'NONE',  ( -1.000000000000000000, 0.000000000000000000, 0.000000000000000000 ) ) ;
#984 = DIRECTION ( 'NONE',  ( 1.000000000000000000, -0.000000000000000000, -0.000000000000000000 ) ) ;
#985 = ORIENTED_EDGE ( 'NONE', *, *, #119, .T. ) ;
#986 = CARTESIAN_POINT ( 'NONE',  ( 15.00000000000000000, 22.17310878027087639, -9.184402376762173859 ) ) ;
#987 = EDGE_LOOP ( 'NONE', ( #36, #1558, #1561, #714 ) ) ;
#988 = LINE ( 'NONE', #1283, #2039 ) ;
#989 = ADVANCED_FACE ( 'NONE', ( #1000 ), #1307, .F. ) ;
#990 = CARTESIAN_POINT ( 'NONE',  ( 0.000000000000000000, 0.000000000000000000, 150.0000000000000000 ) ) ;
#991 = DIRECTION ( 'NONE',  ( 0.000000000000000000, 0.000000000000000000, -1.000000000000000000 ) ) ;
#992 = VERTEX_POINT ( 'NONE', #703 ) ;
#993 = CARTESIAN_POINT ( 'NONE',  ( -2.500000000000000000, 1.224646799147353256E-15, 10.00000000000000000 ) ) ;
#994 = DIRECTION ( 'NONE',  ( 0.000000000000000000, 0.000000000000000000, 1.000000000000000000 ) ) ;
#995 = ORIENTED_EDGE ( 'NONE', *, *, #1261, .T. ) ;
#996 = CARTESIAN_POINT ( 'NONE',  ( 11.59999999999999964, -3.132628613281330576, 22.19467667297143976 ) ) ;
#997 = ORIENTED_EDGE ( 'NONE', *, *, #1591, .T. ) ;
#998 = DIRECTION ( 'NONE',  ( 1.000000000000000000, -0.000000000000000000, -0.000000000000000000 ) ) ;
#999 = EDGE_CURVE ( 'NONE', #1326, #470, #506, .T. ) ;
#1000 = FACE_OUTER_BOUND ( 'NONE', #238, .T. ) ;
#1001 = ORIENTED_EDGE ( 'NONE', *, *, #454, .T. ) ;
#1002 = ADVANCED_FACE ( 'NONE', ( #1939 ), #219, .T. ) ;
#1003 = DIRECTION ( 'NONE',  ( 0.000000000000000000, 0.000000000000000000, 1.000000000000000000 ) ) ;
#1004 = VERTEX_POINT ( 'NONE', #1133 ) ;
#1005 = DIRECTION ( 'NONE',  ( -1.000000000000000000, -0.000000000000000000, -0.000000000000000000 ) ) ;
#1006 = CIRCLE ( 'NONE', #1972, 1.600000000000004086 ) ;
#1007 = ORIENTED_EDGE ( 'NONE', *, *, #1879, .T. ) ;
#1008 = AXIS2_PLACEMENT_3D ( 'NONE', #1431, #310, #1118 ) ;
#1009 = AXIS2_PLACEMENT_3D ( 'NONE', #327, #1065, #1090 ) ;
#1010 = AXIS2_PLACEMENT_3D ( 'NONE', #430, #1827, #1060 ) ;
#1011 = CARTESIAN_POINT ( 'NONE',  ( 0.000000000000000000, 16.00000000000000000, 2.649999999999997691 ) ) ;
#1012 = VECTOR ( 'NONE', #1028, 1000.000000000000000 ) ;
#1013 = VERTEX_POINT ( 'NONE', #1961 ) ;
#1014 = FACE_OUTER_BOUND ( 'NONE', #1224, .T. ) ;
#1015 = EDGE_CURVE ( 'NONE', #1984, #1013, #581, .T. ) ;
#1016 = ORIENTED_EDGE ( 'NONE', *, *, #560, .F. ) ;
#1017 = CYLINDRICAL_SURFACE ( 'NONE', #748, 1.599999999999998979 ) ;
#1018 = APPLICATION_PROTOCOL_DEFINITION ( 'draft international standard', 'automotive_design', 1998, #2027 ) ;
#1019 = EDGE_LOOP ( 'NONE', ( #1784, #706, #403, #784 ) ) ;
#1020 = DIRECTION ( 'NONE',  ( -1.000000000000000000, 0.000000000000000000, 0.000000000000000000 ) ) ;
#1021 = ORIENTED_EDGE ( 'NONE', *, *, #1879, .F. ) ;
#1022 = DIRECTION ( 'NONE',  ( 1.000000000000000000, 0.000000000000000000, 0.000000000000000000 ) ) ;
#1023 = VERTEX_POINT ( 'NONE', #49 ) ;
#1024 = LINE ( 'NONE', #1669, #552 ) ;
#1025 = EDGE_CURVE ( 'NONE', #372, #1412, #1953, .T. ) ;
#1026 = ORIENTED_EDGE ( 'NONE', *, *, #128, .T. ) ;
#1027 = DIRECTION ( 'NONE',  ( 0.000000000000000000, 0.000000000000000000, -1.000000000000000000 ) ) ;
#1028 = DIRECTION ( 'NONE',  ( 1.000000000000000000, -0.000000000000000000, -0.000000000000000000 ) ) ;
#1029 = EDGE_LOOP ( 'NONE', ( #357, #558 ) ) ;
#1030 = LINE ( 'NONE', #1835, #1910 ) ;
#1031 = VERTEX_POINT ( 'NONE', #1011 ) ;
#1032 = CARTESIAN_POINT ( 'NONE',  ( 15.00000000000000000, -19.04048016698972745, 17.86027429620919094 ) ) ;
#1033 = ORIENTED_EDGE ( 'NONE', *, *, #1880, .T. ) ;
#1034 = AXIS2_PLACEMENT_3D ( 'NONE', #1883, #1426, #304 ) ;
#1035 = EDGE_CURVE ( 'NONE', #368, #568, #1148, .T. ) ;
#1036 = CIRCLE ( 'NONE', #1137, 3.249999999999999556 ) ;
#1037 = CARTESIAN_POINT ( 'NONE',  ( 0.000000000000000000, 39.00000000000000711, 150.0000000000000000 ) ) ;
#1038 = AXIS2_PLACEMENT_3D ( 'NONE', #1922, #342, #1095 ) ;
#1039 = CARTESIAN_POINT ( 'NONE',  ( 15.00000000000000000, 0.000000000000000000, 150.0000000000000000 ) ) ;
#1040 = AXIS2_PLACEMENT_3D ( 'NONE', #500, #191, #817 ) ;
#1041 = EDGE_LOOP ( 'NONE', ( #1467, #2045, #1046, #1516 ) ) ;
#1042 = VECTOR ( 'NONE', #260, 1000.000000000000000 ) ;
#1043 = DIRECTION ( 'NONE',  ( 0.000000000000000000, 0.000000000000000000, -1.000000000000000000 ) ) ;
#1044 = ORIENTED_EDGE ( 'NONE', *, *, #867, .T. ) ;
#1045 = CARTESIAN_POINT ( 'NONE',  ( 9.599999999999997868, 16.00000000000000000, 0.000000000000000000 ) ) ;
#1046 = ORIENTED_EDGE ( 'NONE', *, *, #960, .T. ) ;
#1047 = CARTESIAN_POINT ( 'NONE',  ( 0.000000000000000000, 16.00000000000000000, 0.000000000000000000 ) ) ;
#1048 = EDGE_CURVE ( 'NONE', #1215, #1761, #441, .T. ) ;
#1049 = ADVANCED_FACE ( 'NONE', ( #1967 ), #853, .F. ) ;
#1050 = DIRECTION ( 'NONE',  ( 1.000000000000000000, -0.000000000000000000, -0.000000000000000000 ) ) ;
#1051 = VERTEX_POINT ( 'NONE', #1643 ) ;
#1052 = DIRECTION ( 'NONE',  ( 0.000000000000000000, 0.000000000000000000, -1.000000000000000000 ) ) ;
#1053 = ORIENTED_EDGE ( 'NONE', *, *, #1181, .F. ) ;
#1054 = FACE_BOUND ( 'NONE', #411, .T. ) ;
#1055 = ORIENTED_EDGE ( 'NONE', *, *, #1158, .F. ) ;
#1056 = CARTESIAN_POINT ( 'NONE',  ( 15.00000000000000000, -19.04048016698972745, 14.61027429620919449 ) ) ;
#1057 = FACE_OUTER_BOUND ( 'NONE', #1631, .T. ) ;
#1058 = EDGE_CURVE ( 'NONE', #244, #75, #1710, .T. ) ;
#1059 = ORIENTED_EDGE ( 'NONE', *, *, #1201, .T. ) ;
#1060 = DIRECTION ( 'NONE',  ( 0.000000000000000000, 0.000000000000000000, -1.000000000000000000 ) ) ;
#1061 = EDGE_CURVE ( 'NONE', #751, #1397, #1036, .T. ) ;
#1062 = ORIENTED_EDGE ( 'NONE', *, *, #1683, .T. ) ;
#1063 = DIRECTION ( 'NONE',  ( 1.000000000000000000, -0.000000000000000000, -0.000000000000000000 ) ) ;
#1064 = ORIENTED_EDGE ( 'NONE', *, *, #1855, .T. ) ;
#1065 = DIRECTION ( 'NONE',  ( 1.000000000000000000, 0.000000000000000000, 0.000000000000000000 ) ) ;
#1066 = CIRCLE ( 'NONE', #1313, 3.249999999999999556 ) ;
#1067 = CYLINDRICAL_SURFACE ( 'NONE', #1580, 4.999999999999995559 ) ;
#1068 = EDGE_LOOP ( 'NONE', ( #64, #133, #723, #820 ) ) ;
#1069 = DIRECTION ( 'NONE',  ( 1.000000000000000000, -0.000000000000000000, -0.000000000000000000 ) ) ;
#1070 = VECTOR ( 'NONE', #1739, 1000.000000000000000 ) ;
#1071 = CIRCLE ( 'NONE', #18, 4.999999999999995559 ) ;
#1072 = ORIENTED_EDGE ( 'NONE', *, *, #884, .T. ) ;
#1073 = LINE ( 'NONE', #1720, #2004 ) ;
#1074 = CIRCLE ( 'NONE', #1248, 4.999999999999993783 ) ;
#1075 = AXIS2_PLACEMENT_3D ( 'NONE', #1196, #1833, #405 ) ;
#1076 = EDGE_CURVE ( 'NONE', #1851, #372, #670, .T. ) ;
#1077 = ADVANCED_FACE ( 'NONE', ( #29 ), #1487, .F. ) ;
#1078 = PLANE ( 'NONE',  #1747 ) ;
#1079 = ORIENTED_EDGE ( 'NONE', *, *, #1386, .T. ) ;
#1080 = CIRCLE ( 'NONE', #1218, 19.99999999999998934 ) ;
#1081 = LINE ( 'NONE', #1884, #1346 ) ;
#1082 = CARTESIAN_POINT ( 'NONE',  ( 0.000000000000000000, -3.132628613280998842, -23.79467667297147671 ) ) ;
#1083 = ORIENTED_EDGE ( 'NONE', *, *, #1099, .F. ) ;
#1084 = DIRECTION ( 'NONE',  ( 1.000000000000000000, -0.000000000000000000, -0.000000000000000000 ) ) ;
#1085 = EDGE_LOOP ( 'NONE', ( #1389, #1194 ) ) ;
#1086 = DIRECTION ( 'NONE',  ( 0.000000000000000000, 0.000000000000000000, -1.000000000000000000 ) ) ;
#1087 = CARTESIAN_POINT ( 'NONE',  ( 15.00000000000000000, -19.04048016698952139, -14.61027429620945561 ) ) ;
#1088 = EDGE_CURVE ( 'NONE', #1051, #1367, #1811, .T. ) ;
#1089 = ORIENTED_EDGE ( 'NONE', *, *, #1088, .T. ) ;
#1090 = DIRECTION ( 'NONE',  ( 0.000000000000000000, 0.000000000000000000, -1.000000000000000000 ) ) ;
#1091 = CARTESIAN_POINT ( 'NONE',  ( 9.599999999999997868, 16.00000000000000000, 0.000000000000000000 ) ) ;
#1092 = ORIENTED_EDGE ( 'NONE', *, *, #570, .T. ) ;
#1093 = DIRECTION ( 'NONE',  ( 0.000000000000000000, 0.000000000000000000, 1.000000000000000000 ) ) ;
#1094 = ORIENTED_EDGE ( 'NONE', *, *, #496, .T. ) ;
#1095 = DIRECTION ( 'NONE',  ( 0.000000000000000000, 0.000000000000000000, -1.000000000000000000 ) ) ;
#1096 = DIRECTION ( 'NONE',  ( 0.000000000000000000, 0.000000000000000000, -1.000000000000000000 ) ) ;
#1097 = ORIENTED_EDGE ( 'NONE', *, *, #138, .T. ) ;
#1098 = CARTESIAN_POINT ( 'NONE',  ( 0.000000000000000000, -19.99999999999998934, 90.00000000000000000 ) ) ;
#1099 = EDGE_CURVE ( 'NONE', #1853, #1182, #709, .T. ) ;
#1100 = CYLINDRICAL_SURFACE ( 'NONE', #1656, 1.600000000000000755 ) ;
#1101 = DIRECTION ( 'NONE',  ( 1.000000000000000000, -0.000000000000000000, -0.000000000000000000 ) ) ;
#1102 = AXIS2_PLACEMENT_3D ( 'NONE', #1297, #546, #1178 ) ;
#1103 = ORIENTED_EDGE ( 'NONE', *, *, #1167, .F. ) ;
#1104 = CIRCLE ( 'NONE', #2040, 39.00000000000000000 ) ;
#1105 = DIRECTION ( 'NONE',  ( 0.000000000000000000, 0.000000000000000000, 1.000000000000000000 ) ) ;
#1106 = CYLINDRICAL_SURFACE ( 'NONE', #147, 1.600000000000000755 ) ;
#1107 = CIRCLE ( 'NONE', #812, 4.999999999999997335 ) ;
#1108 = FACE_BOUND ( 'NONE', #1472, .T. ) ;
#1109 = CIRCLE ( 'NONE', #877, 3.249999999999999556 ) ;
#1110 = CARTESIAN_POINT ( 'NONE',  ( 26.00000000000001066, -19.99999999999998934, 150.0000000000000000 ) ) ;
#1111 = CARTESIAN_POINT ( 'NONE',  ( -3.000000000000000000, 13.99999999999998579, 90.00000000000000000 ) ) ;
#1112 = AXIS2_PLACEMENT_3D ( 'NONE', #1746, #1599, #173 ) ;
#1113 = LINE ( 'NONE', #1147, #651 ) ;
#1114 = EDGE_CURVE ( 'NONE', #267, #590, #530, .T. ) ;
#1115 = ADVANCED_FACE ( 'NONE', ( #1159 ), #1799, .F. ) ;
#1116 = DIRECTION ( 'NONE',  ( 0.000000000000000000, 0.000000000000000000, -1.000000000000000000 ) ) ;
#1117 = ORIENTED_EDGE ( 'NONE', *, *, #1061, .F. ) ;
#1118 = DIRECTION ( 'NONE',  ( 0.000000000000000000, 0.000000000000000000, -1.000000000000000000 ) ) ;
#1119 = ORIENTED_EDGE ( 'NONE', *, *, #1750, .T. ) ;
#1120 =( NAMED_UNIT ( * ) SI_UNIT ( $, .STERADIAN. ) SOLID_ANGLE_UNIT ( ) );
#1121 = SURFACE_STYLE_USAGE ( .BOTH. , #338 ) ;
#1122 = DIRECTION ( 'NONE',  ( -1.000000000000000000, -0.000000000000000000, -0.000000000000000000 ) ) ;
#1123 = DIRECTION ( 'NONE',  ( 1.000000000000000000, -0.000000000000000000, -0.000000000000000000 ) ) ;
#1124 = EDGE_LOOP ( 'NONE', ( #1677, #1001, #860, #400 ) ) ;
#1125 = DIRECTION ( 'NONE',  ( 0.000000000000000000, 0.000000000000000000, -1.000000000000000000 ) ) ;
#1126 = EDGE_CURVE ( 'NONE', #1821, #1826, #1612, .T. ) ;
#1127 = DIRECTION ( 'NONE',  ( 1.000000000000000000, -0.000000000000000000, -0.000000000000000000 ) ) ;
#1128 = DIRECTION ( 'NONE',  ( 0.000000000000000000, 0.000000000000000000, -1.000000000000000000 ) ) ;
#1129 = DIRECTION ( 'NONE',  ( 0.000000000000000000, 0.000000000000000000, -1.000000000000000000 ) ) ;
#1130 = ORIENTED_EDGE ( 'NONE', *, *, #1048, .F. ) ;
#1131 = DIRECTION ( 'NONE',  ( 0.000000000000000000, 0.000000000000000000, -1.000000000000000000 ) ) ;
#1132 = LINE ( 'NONE', #198, #63 ) ;
#1133 = CARTESIAN_POINT ( 'NONE',  ( 15.00000000000000355, -39.00000000000000000, 14.99999999999999467 ) ) ;
#1134 = VERTEX_POINT ( 'NONE', #1693 ) ;
#1135 = CARTESIAN_POINT ( 'NONE',  ( -3.000000000000000000, -13.99999999999998579, 0.000000000000000000 ) ) ;
#1136 = CARTESIAN_POINT ( 'NONE',  ( 11.59999999999999964, 22.17310878027087284, 12.43440237676216853 ) ) ;
#1137 = AXIS2_PLACEMENT_3D ( 'NONE', #1817, #966, #991 ) ;
#1138 = EDGE_LOOP ( 'NONE', ( #522, #1592 ) ) ;
#1139 = AXIS2_PLACEMENT_3D ( 'NONE', #680, #998, #1642 ) ;
#1140 = CARTESIAN_POINT ( 'NONE',  ( 15.00000000000000000, -19.04048016698952139, -16.21027429620945526 ) ) ;
#1141 = EDGE_CURVE ( 'NONE', #75, #244, #1507, .T. ) ;
#1142 = EDGE_CURVE ( 'NONE', #372, #694, #640, .T. ) ;
#1143 = AXIS2_PLACEMENT_3D ( 'NONE', #201, #688, #211 ) ;
#1144 = PRODUCT_DEFINITION_CONTEXT ( 'detailed design', #80, 'design' ) ;
#1145 = AXIS2_PLACEMENT_3D ( 'NONE', #459, #1920, #1093 ) ;
#1146 = ORIENTED_EDGE ( 'NONE', *, *, #1866, .T. ) ;
#1147 = CARTESIAN_POINT ( 'NONE',  ( -2.500000000000000000, 1.224646799147353256E-15, 10.00000000000000000 ) ) ;
#1148 = LINE ( 'NONE', #843, #1679 ) ;
#1149 = VERTEX_POINT ( 'NONE', #557 ) ;
#1150 = LINE ( 'NONE', #1327, #1374 ) ;
#1151 = DIRECTION ( 'NONE',  ( 1.000000000000000000, -0.000000000000000000, -0.000000000000000000 ) ) ;
#1152 = ORIENTED_EDGE ( 'NONE', *, *, #210, .F. ) ;
#1153 = CARTESIAN_POINT ( 'NONE',  ( 0.000000000000000000, 39.00000000000000000, -2.388061258337338544E-15 ) ) ;
#1154 = EDGE_CURVE ( 'NONE', #1134, #810, #1221, .T. ) ;
#1155 = DIRECTION ( 'NONE',  ( 1.000000000000000000, 0.000000000000000000, 0.000000000000000000 ) ) ;
#1156 = VERTEX_POINT ( 'NONE', #881 ) ;
#1157 = CARTESIAN_POINT ( 'NONE',  ( 15.00000000000000000, -8.000000000000065725, 11.20640646055098877 ) ) ;
#1158 = EDGE_CURVE ( 'NONE', #740, #386, #146, .T. ) ;
#1159 = FACE_OUTER_BOUND ( 'NONE', #837, .T. ) ;
#1160 = VERTEX_POINT ( 'NONE', #1365 ) ;
#1161 = CARTESIAN_POINT ( 'NONE',  ( 15.00000000000000000, 16.00000000000000000, 0.000000000000000000 ) ) ;
#1162 = LINE ( 'NONE', #397, #1012 ) ;
#1163 = EDGE_LOOP ( 'NONE', ( #1849, #575, #1170, #1672 ) ) ;
#1164 = CARTESIAN_POINT ( 'NONE',  ( 15.00000000000000355, 19.99999999999998934, 150.0000000000000000 ) ) ;
#1165 = ORIENTED_EDGE ( 'NONE', *, *, #138, .F. ) ;
#1166 = CARTESIAN_POINT ( 'NONE',  ( 11.59999999999999964, -19.04048016698952139, -14.61027429620945561 ) ) ;
#1167 = EDGE_CURVE ( 'NONE', #73, #1299, #1673, .T. ) ;
#1168 = ORIENTED_EDGE ( 'NONE', *, *, #1671, .T. ) ;
#1169 = CARTESIAN_POINT ( 'NONE',  ( 15.00000000000000000, -3.132628613280998842, -27.04467667297147671 ) ) ;
#1170 = ORIENTED_EDGE ( 'NONE', *, *, #438, .T. ) ;
#1171 = DIRECTION ( 'NONE',  ( 1.000000000000000000, -0.000000000000000000, -0.000000000000000000 ) ) ;
#1172 = AXIS2_PLACEMENT_3D ( 'NONE', #1989, #572, #1229 ) ;
#1173 = PRODUCT_CONTEXT ( 'NONE', #2027, 'mechanical' ) ;
#1174 = EDGE_LOOP ( 'NONE', ( #1626, #205 ) ) ;
#1175 = VECTOR ( 'NONE', #412, 1000.000000000000114 ) ;
#1176 = STYLED_ITEM ( 'NONE', ( #515 ), #1466 ) ;
#1177 = CIRCLE ( 'NONE', #1749, 3.249999999999999556 ) ;
#1178 = DIRECTION ( 'NONE',  ( 0.000000000000000000, 0.000000000000000000, -1.000000000000000000 ) ) ;
#1179 = CIRCLE ( 'NONE', #553, 1.600000000000000755 ) ;
#1180 = ADVANCED_FACE ( 'NONE', ( #870 ), #1686, .F. ) ;
#1181 = EDGE_CURVE ( 'NONE', #1493, #641, #1870, .T. ) ;
#1182 = VERTEX_POINT ( 'NONE', #898 ) ;
#1183 = CYLINDRICAL_SURFACE ( 'NONE', #410, 2.649999999999997691 ) ;
#1184 = CIRCLE ( 'NONE', #1981, 3.249999999999999556 ) ;
#1185 = EDGE_LOOP ( 'NONE', ( #631, #717, #768, #982 ) ) ;
#1186 = DIRECTION ( 'NONE',  ( 0.000000000000000000, 0.000000000000000000, -1.000000000000000000 ) ) ;
#1187 = ORIENTED_EDGE ( 'NONE', *, *, #2006, .F. ) ;
#1188 = CYLINDRICAL_SURFACE ( 'NONE', #839, 2.649999999999995914 ) ;
#1189 = EDGE_LOOP ( 'NONE', ( #1936, #1016, #98, #2024 ) ) ;
#1190 = DIRECTION ( 'NONE',  ( 1.000000000000000000, -0.000000000000000000, -0.000000000000000000 ) ) ;
#1191 = EDGE_LOOP ( 'NONE', ( #604, #44 ) ) ;
#1192 = DIRECTION ( 'NONE',  ( 1.000000000000000000, -0.000000000000000000, -0.000000000000000000 ) ) ;
#1193 = EDGE_CURVE ( 'NONE', #793, #1149, #264, .T. ) ;
#1194 = ORIENTED_EDGE ( 'NONE', *, *, #867, .F. ) ;
#1195 = DIRECTION ( 'NONE',  ( 0.000000000000000000, 0.000000000000000000, -1.000000000000000000 ) ) ;
#1196 = CARTESIAN_POINT ( 'NONE',  ( 15.00000000000000000, -3.132628613280998842, -23.79467667297147671 ) ) ;
#1197 = EDGE_LOOP ( 'NONE', ( #1692, #337 ) ) ;
#1198 = CARTESIAN_POINT ( 'NONE',  ( 15.00000000000000000, -8.000000000000065725, 8.856406460550990900 ) ) ;
#1199 = ORIENTED_EDGE ( 'NONE', *, *, #257, .F. ) ;
#1200 = DIRECTION ( 'NONE',  ( 1.000000000000000000, -0.000000000000000000, -0.000000000000000000 ) ) ;
#1201 = EDGE_CURVE ( 'NONE', #1942, #675, #418, .T. ) ;
#1202 = ADVANCED_FACE ( 'NONE', ( #396 ), #1512, .F. ) ;
#1203 = ORIENTED_EDGE ( 'NONE', *, *, #1142, .T. ) ;
#1204 = CIRCLE ( 'NONE', #1439, 19.99999999999998934 ) ;
#1205 = CIRCLE ( 'NONE', #1871, 4.999999999999997335 ) ;
#1206 = VECTOR ( 'NONE', #1872, 1000.000000000000114 ) ;
#1207 = CARTESIAN_POINT ( 'NONE',  ( 15.00000000000000000, 0.000000000000000000, 150.0000000000000000 ) ) ;
#1208 = CIRCLE ( 'NONE', #1977, 2.649999999999995914 ) ;
#1209 = CARTESIAN_POINT ( 'NONE',  ( 15.00000000000000000, 16.00000000000000000, -4.999999999999993783 ) ) ;
#1210 = CIRCLE ( 'NONE', #1378, 1.600000000000000755 ) ;
#1211 = ORIENTED_EDGE ( 'NONE', *, *, #633, .T. ) ;
#1212 = AXIS2_PLACEMENT_3D ( 'NONE', #948, #1590, #163 ) ;
#1213 = CYLINDRICAL_SURFACE ( 'NONE', #87, 2.649999999999995914 ) ;
#1214 = VECTOR ( 'NONE', #1186, 1000.000000000000000 ) ;
#1215 = VERTEX_POINT ( 'NONE', #389 ) ;
#1216 = LINE ( 'NONE', #600, #1711 ) ;
#1217 = AXIS2_PLACEMENT_3D ( 'NONE', #336, #25, #656 ) ;
#1218 = AXIS2_PLACEMENT_3D ( 'NONE', #990, #1273, #2054 ) ;
#1219 = ORIENTED_EDGE ( 'NONE', *, *, #594, .T. ) ;
#1220 = EDGE_CURVE ( 'NONE', #46, #1379, #1066, .T. ) ;
#1221 = LINE ( 'NONE', #426, #2002 ) ;
#1222 = EDGE_CURVE ( 'NONE', #694, #164, #1204, .T. ) ;
#1223 = DIRECTION ( 'NONE',  ( 1.000000000000000000, -0.000000000000000000, -0.000000000000000000 ) ) ;
#1224 = EDGE_LOOP ( 'NONE', ( #1026, #1336 ) ) ;
#1225 = CARTESIAN_POINT ( 'NONE',  ( 15.00000000000000000, -7.999999999999872102, -13.85640646055109215 ) ) ;
#1226 = ORIENTED_EDGE ( 'NONE', *, *, #1158, .T. ) ;
#1227 = DIRECTION ( 'NONE',  ( 1.000000000000000000, -0.000000000000000000, -0.000000000000000000 ) ) ;
#1228 = EDGE_LOOP ( 'NONE', ( #1342, #488, #1962, #136 ) ) ;
#1229 = DIRECTION ( 'NONE',  ( 0.000000000000000000, 0.4770918629042343317, 0.8788534316656942957 ) ) ;
#1230 = CARTESIAN_POINT ( 'NONE',  ( 15.00000000000000000, 16.00000000000000000, 0.000000000000000000 ) ) ;
#1231 = ORIENTED_EDGE ( 'NONE', *, *, #1193, .T. ) ;
#1232 = ADVANCED_FACE ( 'NONE', ( #239 ), #1188, .F. ) ;
#1233 = EDGE_CURVE ( 'NONE', #1912, #1031, #1538, .T. ) ;
#1234 = CARTESIAN_POINT ( 'NONE',  ( 15.00000000000000000, -19.04048016698952139, -11.36027429620945561 ) ) ;
#1235 = EDGE_LOOP ( 'NONE', ( #1083, #612 ) ) ;
#1236 = DIRECTION ( 'NONE',  ( 0.000000000000000000, 0.000000000000000000, -1.000000000000000000 ) ) ;
#1237 = EDGE_LOOP ( 'NONE', ( #1787, #323, #41, #958, #755, #189 ) ) ;
#1238 = CARTESIAN_POINT ( 'NONE',  ( -3.000000000000000000, -13.99999999999998579, 90.00000000000000000 ) ) ;
#1239 = AXIS2_PLACEMENT_3D ( 'NONE', #1272, #1588, #161 ) ;
#1240 = DIRECTION ( 'NONE',  ( 0.000000000000000000, 0.000000000000000000, -1.000000000000000000 ) ) ;
#1241 = ORIENTED_EDGE ( 'NONE', *, *, #909, .T. ) ;
#1242 = LINE ( 'NONE', #1876, #316 ) ;
#1243 = AXIS2_PLACEMENT_3D ( 'NONE', #1045, #1535, #887 ) ;
#1244 = EDGE_CURVE ( 'NONE', #736, #1182, #2010, .T. ) ;
#1245 = AXIS2_PLACEMENT_3D ( 'NONE', #732, #1390, #598 ) ;
#1246 = EDGE_LOOP ( 'NONE', ( #543, #985, #1948, #765, #1268, #1351 ) ) ;
#1247 = DIRECTION ( 'NONE',  ( 0.000000000000000000, 0.000000000000000000, -1.000000000000000000 ) ) ;
#1248 = AXIS2_PLACEMENT_3D ( 'NONE', #555, #726, #1236 ) ;
#1249 = CARTESIAN_POINT ( 'NONE',  ( 0.000000000000000000, 0.000000000000000000, 169.9999999999999716 ) ) ;
#1250 = ORIENTED_EDGE ( 'NONE', *, *, #79, .T. ) ;
#1251 = CIRCLE ( 'NONE', #1550, 1.600000000000000755 ) ;
#1252 = DIRECTION ( 'NONE',  ( 0.000000000000000000, -0.000000000000000000, 1.000000000000000000 ) ) ;
#1253 = CARTESIAN_POINT ( 'NONE',  ( 15.00000000000000000, -7.999999999999872102, -13.85640646055109215 ) ) ;
#1254 = DIRECTION ( 'NONE',  ( 1.000000000000000000, -0.000000000000000000, -0.000000000000000000 ) ) ;
#1255 = ORIENTED_EDGE ( 'NONE', *, *, #1126, .F. ) ;
#1256 = CARTESIAN_POINT ( 'NONE',  ( 15.00000000000000000, 22.17310878027087284, 9.184402376762170306 ) ) ;
#1257 = VERTEX_POINT ( 'NONE', #1501 ) ;
#1258 = DIRECTION ( 'NONE',  ( 0.000000000000000000, 0.000000000000000000, 1.000000000000000000 ) ) ;
#1259 = CARTESIAN_POINT ( 'NONE',  ( 11.59999999999999964, -19.04048016698972745, 14.61027429620919449 ) ) ;
#1260 = FACE_OUTER_BOUND ( 'NONE', #1999, .T. ) ;
#1261 = EDGE_CURVE ( 'NONE', #1156, #866, #970, .T. ) ;
#1262 = CARTESIAN_POINT ( 'NONE',  ( 0.000000000000000000, 19.99999999999998934, 49.99999999999998579 ) ) ;
#1263 = FACE_OUTER_BOUND ( 'NONE', #1722, .T. ) ;
#1264 = FACE_OUTER_BOUND ( 'NONE', #934, .T. ) ;
#1265 = ORIENTED_EDGE ( 'NONE', *, *, #333, .F. ) ;
#1266 = CARTESIAN_POINT ( 'NONE',  ( -3.000000000000000000, 13.99999999999998579, 0.000000000000000000 ) ) ;
#1267 = DIRECTION ( 'NONE',  ( 1.000000000000000000, -0.000000000000000000, -0.000000000000000000 ) ) ;
#1268 = ORIENTED_EDGE ( 'NONE', *, *, #1076, .T. ) ;
#1269 = ADVANCED_FACE ( 'NONE', ( #2041 ), #1562, .F. ) ;
#1270 = ADVANCED_FACE ( 'NONE', ( #1417 ), #760, .F. ) ;
#1271 = DIRECTION ( 'NONE',  ( -1.000000000000000000, 0.000000000000000000, 0.000000000000000000 ) ) ;
#1272 = CARTESIAN_POINT ( 'NONE',  ( -3.000000000000000000, 19.99999999999998934, 100.0000000000000000 ) ) ;
#1273 = DIRECTION ( 'NONE',  ( 1.000000000000000000, -0.000000000000000000, -0.000000000000000000 ) ) ;
#1274 = CARTESIAN_POINT ( 'NONE',  ( 15.00000000000000000, -7.999999999999872102, -16.50640646055108718 ) ) ;
#1275 = ORIENTED_EDGE ( 'NONE', *, *, #1820, .F. ) ;
#1276 = AXIS2_PLACEMENT_3D ( 'NONE', #113, #579, #1860 ) ;
#1277 = CARTESIAN_POINT ( 'NONE',  ( 15.00000000000000000, 39.00000000000000000, -2.388061258337338544E-15 ) ) ;
#1278 = CIRCLE ( 'NONE', #516, 4.999999999999997335 ) ;
#1279 = CIRCLE ( 'NONE', #1782, 3.249999999999999556 ) ;
#1280 = DIRECTION ( 'NONE',  ( 0.000000000000000000, 0.000000000000000000, -1.000000000000000000 ) ) ;
#1281 = FACE_BOUND ( 'NONE', #1488, .T. ) ;
#1282 = FACE_OUTER_BOUND ( 'NONE', #1019, .T. ) ;
#1283 = CARTESIAN_POINT ( 'NONE',  ( 15.00000000000000000, -3.132628613281330576, 25.39467667297144260 ) ) ;
#1284 = AXIS2_PLACEMENT_3D ( 'NONE', #38, #339, #505 ) ;
#1285 = ADVANCED_FACE ( 'NONE', ( #1757 ), #1895, .T. ) ;
#1286 = CYLINDRICAL_SURFACE ( 'NONE', #1112, 3.249999999999999556 ) ;
#1287 = DIRECTION ( 'NONE',  ( 0.000000000000000000, 0.000000000000000000, 1.000000000000000000 ) ) ;
#1288 = ADVANCED_FACE ( 'NONE', ( #790 ), #1904, .F. ) ;
#1289 = ORIENTED_EDGE ( 'NONE', *, *, #1048, .T. ) ;
#1290 = CARTESIAN_POINT ( 'NONE',  ( 0.000000000000000000, 0.000000000000000000, 0.000000000000000000 ) ) ;
#1291 = DIRECTION ( 'NONE',  ( 1.000000000000000000, -0.000000000000000000, -0.000000000000000000 ) ) ;
#1292 = ORIENTED_EDGE ( 'NONE', *, *, #486, .F. ) ;
#1293 = FACE_OUTER_BOUND ( 'NONE', #1174, .T. ) ;
#1294 = EDGE_LOOP ( 'NONE', ( #1831, #883, #1289, #52 ) ) ;
#1295 = CARTESIAN_POINT ( 'NONE',  ( 15.00000000000000000, 22.17310878027087639, -9.184402376762173859 ) ) ;
#1296 = LINE ( 'NONE', #791, #90 ) ;
#1297 = CARTESIAN_POINT ( 'NONE',  ( 11.59999999999999964, -3.132628613280998842, -23.79467667297147671 ) ) ;
#1298 = EDGE_CURVE ( 'NONE', #2022, #1160, #868, .T. ) ;
#1299 = VERTEX_POINT ( 'NONE', #1573 ) ;
#1300 = CARTESIAN_POINT ( 'NONE',  ( 0.000000000000000000, 0.000000000000000000, 0.000000000000000000 ) ) ;
#1301 = DIRECTION ( 'NONE',  ( 1.000000000000000000, -0.000000000000000000, -0.000000000000000000 ) ) ;
#1302 = DIRECTION ( 'NONE',  ( 0.000000000000000000, 0.000000000000000000, 1.000000000000000000 ) ) ;
#1303 = SHAPE_DEFINITION_REPRESENTATION ( #170, #460 ) ;
#1304 = ORIENTED_EDGE ( 'NONE', *, *, #702, .F. ) ;
#1305 = DIRECTION ( 'NONE',  ( 1.000000000000000000, -0.000000000000000000, -0.000000000000000000 ) ) ;
#1306 = DIRECTION ( 'NONE',  ( 0.000000000000000000, 0.000000000000000000, -1.000000000000000000 ) ) ;
#1307 = PLANE ( 'NONE',  #1376 ) ;
#1308 = VERTEX_POINT ( 'NONE', #150 ) ;
#1309 = CARTESIAN_POINT ( 'NONE',  ( 0.000000000000000000, 19.99999999999998934, 49.99999999999998579 ) ) ;
#1310 = AXIS2_PLACEMENT_3D ( 'NONE', #2052, #1271, #477 ) ;
#1311 = EDGE_CURVE ( 'NONE', #277, #436, #1006, .T. ) ;
#1312 = FACE_BOUND ( 'NONE', #503, .T. ) ;
#1313 = AXIS2_PLACEMENT_3D ( 'NONE', #1665, #1530, #1195 ) ;
#1314 = VERTEX_POINT ( 'NONE', #1111 ) ;
#1315 = VECTOR ( 'NONE', #1585, 1000.000000000000000 ) ;
#1316 = LINE ( 'NONE', #1640, #1214 ) ;
#1317 = AXIS2_PLACEMENT_3D ( 'NONE', #1503, #1022, #1791 ) ;
#1318 = AXIS2_PLACEMENT_3D ( 'NONE', #1039, #1687, #356 ) ;
#1319 = APPLICATION_PROTOCOL_DEFINITION ( 'draft international standard', 'automotive_design', 1998, #80 ) ;
#1320 = CIRCLE ( 'NONE', #285, 3.249999999999999556 ) ;
#1321 = ORIENTED_EDGE ( 'NONE', *, *, #1809, .T. ) ;
#1322 = DIRECTION ( 'NONE',  ( 0.000000000000000000, 0.000000000000000000, -1.000000000000000000 ) ) ;
#1323 = VECTOR ( 'NONE', #204, 1000.000000000000000 ) ;
#1324 = AXIS2_PLACEMENT_3D ( 'NONE', #315, #1893, #455 ) ;
#1325 = DIRECTION ( 'NONE',  ( -1.000000000000000000, -0.000000000000000000, -0.000000000000000000 ) ) ;
#1326 = VERTEX_POINT ( 'NONE', #1724 ) ;
#1327 = CARTESIAN_POINT ( 'NONE',  ( 0.000000000000000000, -19.99999999999998934, 49.99999999999998579 ) ) ;
#1328 = DIRECTION ( 'NONE',  ( 0.000000000000000000, 0.000000000000000000, 1.000000000000000000 ) ) ;
#1329 = ORIENTED_EDGE ( 'NONE', *, *, #735, .T. ) ;
#1330 = DIRECTION ( 'NONE',  ( 0.000000000000000000, 0.000000000000000000, 1.000000000000000000 ) ) ;
#1331 = ADVANCED_FACE ( 'NONE', ( #2028 ), #769, .F. ) ;
#1332 = EDGE_LOOP ( 'NONE', ( #1524, #331 ) ) ;
#1333 = DIRECTION ( 'NONE',  ( 0.000000000000000000, 0.000000000000000000, -1.000000000000000000 ) ) ;
#1334 = EDGE_LOOP ( 'NONE', ( #1187, #1681, #1709, #967 ) ) ;
#1335 = FACE_OUTER_BOUND ( 'NONE', #854, .T. ) ;
#1336 = ORIENTED_EDGE ( 'NONE', *, *, #330, .T. ) ;
#1337 = CARTESIAN_POINT ( 'NONE',  ( 0.000000000000000000, -19.04048016698972745, 16.21027429620919236 ) ) ;
#1338 = ORIENTED_EDGE ( 'NONE', *, *, #1760, .T. ) ;
#1339 = EDGE_CURVE ( 'NONE', #1308, #1215, #1081, .T. ) ;
#1340 = EDGE_CURVE ( 'NONE', #1299, #590, #1713, .T. ) ;
#1341 = DIRECTION ( 'NONE',  ( -1.000000000000000000, 0.000000000000000000, 0.000000000000000000 ) ) ;
#1342 = ORIENTED_EDGE ( 'NONE', *, *, #1385, .F. ) ;
#1343 = CARTESIAN_POINT ( 'NONE',  ( 15.00000000000000000, -3.132628613280998398, -20.54467667297147671 ) ) ;
#1344 = ORIENTED_EDGE ( 'NONE', *, *, #2031, .T. ) ;
#1345 = LINE ( 'NONE', #865, #1978 ) ;
#1346 = VECTOR ( 'NONE', #1862, 1000.000000000000000 ) ;
#1347 = ORIENTED_EDGE ( 'NONE', *, *, #849, .T. ) ;
#1348 = VECTOR ( 'NONE', #620, 1000.000000000000000 ) ;
#1349 = AXIS2_PLACEMENT_3D ( 'NONE', #512, #24, #1128 ) ;
#1350 = DIRECTION ( 'NONE',  ( 0.000000000000000000, 0.000000000000000000, -1.000000000000000000 ) ) ;
#1351 = ORIENTED_EDGE ( 'NONE', *, *, #1025, .T. ) ;
#1352 = EDGE_CURVE ( 'NONE', #793, #2056, #1908, .T. ) ;
#1353 = DIRECTION ( 'NONE',  ( 1.000000000000000000, -0.000000000000000000, -0.000000000000000000 ) ) ;
#1354 = EDGE_LOOP ( 'NONE', ( #1089, #263 ) ) ;
#1355 = DIRECTION ( 'NONE',  ( 0.000000000000000000, 0.000000000000000000, 1.000000000000000000 ) ) ;
#1356 = ORIENTED_EDGE ( 'NONE', *, *, #1154, .T. ) ;
#1357 = DIRECTION ( 'NONE',  ( -1.000000000000000000, -0.000000000000000000, -0.000000000000000000 ) ) ;
#1358 = CARTESIAN_POINT ( 'NONE',  ( -3.000000000000000000, 0.000000000000000000, 0.000000000000000000 ) ) ;
#1359 = VERTEX_POINT ( 'NONE', #1098 ) ;
#1360 = DIRECTION ( 'NONE',  ( 1.000000000000000000, -0.000000000000000000, -0.000000000000000000 ) ) ;
#1361 = EDGE_CURVE ( 'NONE', #1703, #117, #1743, .T. ) ;
#1362 = EDGE_LOOP ( 'NONE', ( #248, #971, #1840, #964 ) ) ;
#1363 = CARTESIAN_POINT ( 'NONE',  ( 11.59999999999999964, 22.17310878027087639, -10.78440237676217350 ) ) ;
#1364 = ORIENTED_EDGE ( 'NONE', *, *, #735, .F. ) ;
#1365 = CARTESIAN_POINT ( 'NONE',  ( 15.00000000000000000, -7.999999999999872102, -8.856406460551097481 ) ) ;
#1366 = CYLINDRICAL_SURFACE ( 'NONE', #1040, 1.600000000000000755 ) ;
#1367 = VERTEX_POINT ( 'NONE', #930 ) ;
#1368 = CARTESIAN_POINT ( 'NONE',  ( 0.000000000000000000, -8.000000000000065725, 13.85640646055098379 ) ) ;
#1369 = VERTEX_POINT ( 'NONE', #445 ) ;
#1370 = LINE ( 'NONE', #1994, #187 ) ;
#1371 = ADVANCED_FACE ( 'NONE', ( #287 ), #911, .F. ) ;
#1372 = EDGE_LOOP ( 'NONE', ( #763, #68 ) ) ;
#1373 = EDGE_CURVE ( 'NONE', #1703, #745, #317, .T. ) ;
#1374 = VECTOR ( 'NONE', #855, 1000.000000000000227 ) ;
#1375 = DIRECTION ( 'NONE',  ( 0.000000000000000000, 0.000000000000000000, -1.000000000000000000 ) ) ;
#1376 = AXIS2_PLACEMENT_3D ( 'NONE', #1789, #1474, #39 ) ;
#1377 = LINE ( 'NONE', #754, #413 ) ;
#1378 = AXIS2_PLACEMENT_3D ( 'NONE', #616, #1863, #1544 ) ;
#1379 = VERTEX_POINT ( 'NONE', #3 ) ;
#1380 = CARTESIAN_POINT ( 'NONE',  ( 9.599999999999997868, -8.000000000000065725, 13.85640646055098379 ) ) ;
#1381 = EDGE_LOOP ( 'NONE', ( #1954, #2001 ) ) ;
#1382 = FACE_OUTER_BOUND ( 'NONE', #704, .T. ) ;
#1383 = CIRCLE ( 'NONE', #1486, 3.249999999999999556 ) ;
#1384 = VERTEX_POINT ( 'NONE', #129 ) ;
#1385 = EDGE_CURVE ( 'NONE', #1359, #667, #296, .T. ) ;
#1386 = EDGE_CURVE ( 'NONE', #244, #85, #921, .T. ) ;
#1387 = CARTESIAN_POINT ( 'NONE',  ( 15.00000000000000000, -8.000000000000065725, 16.50640646055098060 ) ) ;
#1388 = CARTESIAN_POINT ( 'NONE',  ( 11.59999999999999964, -3.132628613280998842, -25.39467667297148168 ) ) ;
#1389 = ORIENTED_EDGE ( 'NONE', *, *, #1298, .F. ) ;
#1390 = DIRECTION ( 'NONE',  ( 1.000000000000000000, -0.000000000000000000, -0.000000000000000000 ) ) ;
#1391 = EDGE_LOOP ( 'NONE', ( #1475, #303 ) ) ;
#1392 = PLANE ( 'NONE',  #806 ) ;
#1393 = ORIENTED_EDGE ( 'NONE', *, *, #155, .T. ) ;
#1394 = CARTESIAN_POINT ( 'NONE',  ( -3.000000000000000000, 13.99999999999998579, 100.0000000000000000 ) ) ;
#1395 = EDGE_CURVE ( 'NONE', #1700, #751, #183, .T. ) ;
#1396 = CYLINDRICAL_SURFACE ( 'NONE', #848, 3.249999999999999556 ) ;
#1397 = VERTEX_POINT ( 'NONE', #529 ) ;
#1398 = CARTESIAN_POINT ( 'NONE',  ( 15.00000000000000000, -7.999999999999872102, -18.85640646055108505 ) ) ;
#1399 = ORIENTED_EDGE ( 'NONE', *, *, #909, .F. ) ;
#1400 = LINE ( 'NONE', #2003, #1841 ) ;
#1401 = FACE_OUTER_BOUND ( 'NONE', #1726, .T. ) ;
#1402 = ORIENTED_EDGE ( 'NONE', *, *, #711, .F. ) ;
#1403 = DIRECTION ( 'NONE',  ( 0.000000000000000000, -1.000000000000000000, 0.000000000000000000 ) ) ;
#1404 = AXIS2_PLACEMENT_3D ( 'NONE', #519, #823, #65 ) ;
#1405 = CARTESIAN_POINT ( 'NONE',  ( 9.599999999999997868, -8.000000000000065725, 13.85640646055098379 ) ) ;
#1406 = EDGE_LOOP ( 'NONE', ( #1055, #1653 ) ) ;
#1407 = FACE_OUTER_BOUND ( 'NONE', #607, .T. ) ;
#1408 = AXIS2_PLACEMENT_3D ( 'NONE', #959, #1602, #802 ) ;
#1409 = AXIS2_PLACEMENT_3D ( 'NONE', #457, #1555, #1575 ) ;
#1411 = EDGE_CURVE ( 'NONE', #1912, #696, #504, .T. ) ;
#1410 = CIRCLE ( 'NONE', #1212, 3.249999999999999556 ) ;
#1412 = VERTEX_POINT ( 'NONE', #1952 ) ;
#1413 = FACE_OUTER_BOUND ( 'NONE', #1189, .T. ) ;
#1414 = DIRECTION ( 'NONE',  ( 0.000000000000000000, 0.000000000000000000, -1.000000000000000000 ) ) ;
#1415 = DIRECTION ( 'NONE',  ( 1.000000000000000000, -0.000000000000000000, -0.000000000000000000 ) ) ;
#1416 = CYLINDRICAL_SURFACE ( 'NONE', #689, 1.599999999999998979 ) ;
#1417 = FACE_OUTER_BOUND ( 'NONE', #291, .T. ) ;
#1418 = DIRECTION ( 'NONE',  ( -0.000000000000000000, 0.4770918629042343317, 0.8788534316656942957 ) ) ;
#1419 = DIRECTION ( 'NONE',  ( 1.000000000000000000, -0.000000000000000000, -0.000000000000000000 ) ) ;
#1420 = ORIENTED_EDGE ( 'NONE', *, *, #960, .F. ) ;
#1421 = CARTESIAN_POINT ( 'NONE',  ( 0.000000000000000000, -39.00000000000000000, 7.164183775012015633E-15 ) ) ;
#1422 = EDGE_CURVE ( 'NONE', #992, #736, #116, .T. ) ;
#1423 = EDGE_CURVE ( 'NONE', #2056, #1688, #1609, .T. ) ;
#1424 = CARTESIAN_POINT ( 'NONE',  ( 11.59999999999999964, 22.17310878027087284, 9.184402376762170306 ) ) ;
#1425 = VERTEX_POINT ( 'NONE', #1775 ) ;
#1426 = DIRECTION ( 'NONE',  ( 0.000000000000000000, 0.000000000000000000, 1.000000000000000000 ) ) ;
#1427 = DIRECTION ( 'NONE',  ( 0.000000000000000000, 0.000000000000000000, -1.000000000000000000 ) ) ;
#1428 = DIRECTION ( 'NONE',  ( 1.000000000000000000, 0.000000000000000000, 0.000000000000000000 ) ) ;
#1429 = CYLINDRICAL_SURFACE ( 'NONE', #414, 1.600000000000000755 ) ;
#1430 = ORIENTED_EDGE ( 'NONE', *, *, #660, .T. ) ;
#1431 = CARTESIAN_POINT ( 'NONE',  ( 11.59999999999999964, 22.17310878027087284, 9.184402376762170306 ) ) ;
#1432 = CYLINDRICAL_SURFACE ( 'NONE', #646, 1.600000000000000755 ) ;
#1433 = EDGE_CURVE ( 'NONE', #1951, #436, #1632, .T. ) ;
#1434 = ORIENTED_EDGE ( 'NONE', *, *, #894, .F. ) ;
#1435 = EDGE_CURVE ( 'NONE', #1661, #1369, #1278, .T. ) ;
#1436 = CARTESIAN_POINT ( 'NONE',  ( 26.00000000000001066, 19.99999999999998934, 150.0000000000000000 ) ) ;
#1437 = CARTESIAN_POINT ( 'NONE',  ( 15.00000000000000000, 26.48171500630519759, 135.6242118537200270 ) ) ;
#1438 = DIRECTION ( 'NONE',  ( 0.000000000000000000, 0.000000000000000000, -1.000000000000000000 ) ) ;
#1439 = AXIS2_PLACEMENT_3D ( 'NONE', #1207, #1846, #1824 ) ;
#1440 = EDGE_LOOP ( 'NONE', ( #507, #1823, #825, #1347 ) ) ;
#1441 = VECTOR ( 'NONE', #916, 1000.000000000000000 ) ;
#1442 = LINE ( 'NONE', #1769, #184 ) ;
#1443 = VECTOR ( 'NONE', #467, 1000.000000000000227 ) ;
#1444 = DIRECTION ( 'NONE',  ( 1.000000000000000000, -0.000000000000000000, -0.000000000000000000 ) ) ;
#1445 = AXIS2_PLACEMENT_3D ( 'NONE', #1604, #818, #313 ) ;
#1446 = AXIS2_PLACEMENT_3D ( 'NONE', #1230, #574, #1702 ) ;
#1447 = PLANE ( 'NONE',  #1445 ) ;
#1448 = DIRECTION ( 'NONE',  ( 0.000000000000000000, 0.000000000000000000, -1.000000000000000000 ) ) ;
#1449 = ORIENTED_EDGE ( 'NONE', *, *, #1114, .F. ) ;
#1450 = DIRECTION ( 'NONE',  ( 1.000000000000000000, -0.000000000000000000, -0.000000000000000000 ) ) ;
#1451 = ADVANCED_FACE ( 'NONE', ( #830 ), #369, .F. ) ;
#1452 = EDGE_CURVE ( 'NONE', #1367, #1608, #988, .T. ) ;
#1453 = CARTESIAN_POINT ( 'NONE',  ( 11.59999999999999964, -19.04048016698952139, -17.86027429620945384 ) ) ;
#1454 = DIRECTION ( 'NONE',  ( 0.000000000000000000, 0.000000000000000000, -1.000000000000000000 ) ) ;
#1455 = EDGE_LOOP ( 'NONE', ( #295, #1130 ) ) ;
#1456 = LINE ( 'NONE', #628, #1070 ) ;
#1457 = CARTESIAN_POINT ( 'NONE',  ( 0.000000000000000000, 19.99999999999998934, 100.0000000000000000 ) ) ;
#1458 = EDGE_LOOP ( 'NONE', ( #125, #1816, #563, #1344 ) ) ;
#1459 = CYLINDRICAL_SURFACE ( 'NONE', #1845, 2.500000000000002220 ) ;
#1460 = DIRECTION ( 'NONE',  ( 1.000000000000000000, 0.000000000000000000, 0.000000000000000000 ) ) ;
#1461 = EDGE_LOOP ( 'NONE', ( #1534, #428, #1241, #181 ) ) ;
#1462 = DIRECTION ( 'NONE',  ( 1.000000000000000000, -0.000000000000000000, -0.000000000000000000 ) ) ;
#1463 = DIRECTION ( 'NONE',  ( -0.000000000000000000, 1.000000000000000000, -0.000000000000000000 ) ) ;
#1464 = ADVANCED_FACE ( 'NONE', ( #1765 ), #37, .F. ) ;
#1465 = DIRECTION ( 'NONE',  ( 0.000000000000000000, 0.000000000000000000, -1.000000000000000000 ) ) ;
#1466 = MANIFOLD_SOLID_BREP ( '\X2\baa8b530ae30\X0\1', #415 ) ;
#1467 = ORIENTED_EDGE ( 'NONE', *, *, #180, .F. ) ;
#1468 = DIRECTION ( 'NONE',  ( 0.000000000000000000, 0.000000000000000000, -1.000000000000000000 ) ) ;
#1469 = FACE_BOUND ( 'NONE', #1636, .T. ) ;
#1470 = ORIENTED_EDGE ( 'NONE', *, *, #1526, .T. ) ;
#1471 = DIRECTION ( 'NONE',  ( -1.000000000000000000, -0.000000000000000000, -0.000000000000000000 ) ) ;
#1472 = EDGE_LOOP ( 'NONE', ( #20, #918 ) ) ;
#1473 = CARTESIAN_POINT ( 'NONE',  ( 9.599999999999997868, -7.999999999999872102, -13.85640646055109215 ) ) ;
#1474 = DIRECTION ( 'NONE',  ( 0.000000000000000000, -0.8788534316656944068, -0.4770918629042343873 ) ) ;
#1475 = ORIENTED_EDGE ( 'NONE', *, *, #1670, .F. ) ;
#1476 = CARTESIAN_POINT ( 'NONE',  ( 11.59999999999999964, -19.04048016698972745, 14.61027429620919449 ) ) ;
#1477 = EDGE_CURVE ( 'NONE', #344, #1951, #1975, .T. ) ;
#1478 = FACE_BOUND ( 'NONE', #534, .T. ) ;
#1479 = AXIS2_PLACEMENT_3D ( 'NONE', #794, #785, #1258 ) ;
#1480 = EDGE_LOOP ( 'NONE', ( #2013, #2017, #1698, #1795 ) ) ;
#1481 = CIRCLE ( 'NONE', #577, 1.600000000000004086 ) ;
#1482 = DIRECTION ( 'NONE',  ( 0.000000000000000000, 0.000000000000000000, -1.000000000000000000 ) ) ;
#1483 = AXIS2_PLACEMENT_3D ( 'NONE', #1990, #92, #1617 ) ;
#1484 = ORIENTED_EDGE ( 'NONE', *, *, #1339, .F. ) ;
#1485 = CIRCLE ( 'NONE', #582, 3.249999999999999556 ) ;
#1486 = AXIS2_PLACEMENT_3D ( 'NONE', #1915, #808, #1129 ) ;
#1487 = CYLINDRICAL_SURFACE ( 'NONE', #349, 3.249999999999999556 ) ;
#1488 = EDGE_LOOP ( 'NONE', ( #77, #1520 ) ) ;
#1489 = DIRECTION ( 'NONE',  ( 1.000000000000000000, -0.000000000000000000, -0.000000000000000000 ) ) ;
#1490 = ORIENTED_EDGE ( 'NONE', *, *, #1311, .T. ) ;
#1491 = LINE ( 'NONE', #45, #1947 ) ;
#1492 = EDGE_CURVE ( 'NONE', #1529, #810, #1680, .T. ) ;
#1493 = VERTEX_POINT ( 'NONE', #334 ) ;
#1494 = DIRECTION ( 'NONE',  ( 0.000000000000000000, 0.000000000000000000, 1.000000000000000000 ) ) ;
#1495 = ORIENTED_EDGE ( 'NONE', *, *, #1983, .T. ) ;
#1496 = CARTESIAN_POINT ( 'NONE',  ( 9.599999999999997868, -8.000000000000065725, 13.85640646055098379 ) ) ;
#1497 = ORIENTED_EDGE ( 'NONE', *, *, #1918, .F. ) ;
#1498 = DIRECTION ( 'NONE',  ( 0.000000000000000000, 0.000000000000000000, -1.000000000000000000 ) ) ;
#1499 = EDGE_LOOP ( 'NONE', ( #1021, #1053, #578, #348 ) ) ;
#1500 = ADVANCED_FACE ( 'NONE', ( #158 ), #1923, .F. ) ;
#1501 = CARTESIAN_POINT ( 'NONE',  ( 0.000000000000000000, -7.999999999999872102, -16.50640646055108718 ) ) ;
#1502 = EDGE_LOOP ( 'NONE', ( #541, #354, #925, #298 ) ) ;
#1503 = CARTESIAN_POINT ( 'NONE',  ( 0.000000000000000000, 16.00000000000000000, 0.000000000000000000 ) ) ;
#1504 = VERTEX_POINT ( 'NONE', #1249 ) ;
#1505 = AXIS2_PLACEMENT_3D ( 'NONE', #1110, #1621, #1252 ) ;
#1506 = DIRECTION ( 'NONE',  ( -1.000000000000000000, 0.000000000000000000, 0.000000000000000000 ) ) ;
#1507 = CIRCLE ( 'NONE', #218, 1.600000000000000755 ) ;
#1508 = ORIENTED_EDGE ( 'NONE', *, *, #1732, .F. ) ;
#1509 = AXIS2_PLACEMENT_3D ( 'NONE', #1266, #165, #1105 ) ;
#1510 = VECTOR ( 'NONE', #1566, 1000.000000000000000 ) ;
#1511 = AXIS2_PLACEMENT_3D ( 'NONE', #2059, #777, #491 ) ;
#1512 = PLANE ( 'NONE',  #1172 ) ;
#1513 = ADVANCED_FACE ( 'NONE', ( #177 ), #1106, .F. ) ;
#1514 = EDGE_CURVE ( 'NONE', #940, #1703, #961, .T. ) ;
#1515 = CARTESIAN_POINT ( 'NONE',  ( 9.599999999999997868, -7.999999999999872102, -18.85640646055108860 ) ) ;
#1516 = ORIENTED_EDGE ( 'NONE', *, *, #1298, .T. ) ;
#1517 = DIRECTION ( 'NONE',  ( 0.000000000000000000, 0.000000000000000000, -1.000000000000000000 ) ) ;
#1518 = ORIENTED_EDGE ( 'NONE', *, *, #1880, .F. ) ;
#1519 = CARTESIAN_POINT ( 'NONE',  ( 0.000000000000000000, 0.000000000000000000, 150.0000000000000000 ) ) ;
#1520 = ORIENTED_EDGE ( 'NONE', *, *, #269, .F. ) ;
#1521 = CARTESIAN_POINT ( 'NONE',  ( 15.00000000000000000, 0.000000000000000000, 150.0000000000000000 ) ) ;
#1522 = DIRECTION ( 'NONE',  ( -1.000000000000000000, -0.000000000000000000, -0.000000000000000000 ) ) ;
#1523 = ADVANCED_FACE ( 'NONE', ( #1401 ), #1881, .T. ) ;
#1524 = ORIENTED_EDGE ( 'NONE', *, *, #1786, .T. ) ;
#1525 = FACE_OUTER_BOUND ( 'NONE', #1974, .T. ) ;
#1526 = EDGE_CURVE ( 'NONE', #1384, #85, #1481, .T. ) ;
#1527 = ORIENTED_EDGE ( 'NONE', *, *, #9, .T. ) ;
#1528 = DIRECTION ( 'NONE',  ( 0.000000000000000000, 0.000000000000000000, -1.000000000000000000 ) ) ;
#1529 = VERTEX_POINT ( 'NONE', #1740 ) ;
#1530 = DIRECTION ( 'NONE',  ( 1.000000000000000000, -0.000000000000000000, -0.000000000000000000 ) ) ;
#1531 = FACE_OUTER_BOUND ( 'NONE', #464, .T. ) ;
#1532 = EDGE_LOOP ( 'NONE', ( #1097, #1033 ) ) ;
#1533 = DIRECTION ( 'NONE',  ( 0.000000000000000000, 0.000000000000000000, -1.000000000000000000 ) ) ;
#1534 = ORIENTED_EDGE ( 'NONE', *, *, #920, .F. ) ;
#1535 = DIRECTION ( 'NONE',  ( 1.000000000000000000, -0.000000000000000000, -0.000000000000000000 ) ) ;
#1536 = ADVANCED_FACE ( 'NONE', ( #927, #1890 ), #1078, .F. ) ;
#1537 = ORIENTED_EDGE ( 'NONE', *, *, #1477, .F. ) ;
#1538 = CIRCLE ( 'NONE', #608, 2.649999999999997691 ) ;
#1539 = CIRCLE ( 'NONE', #642, 1.600000000000000755 ) ;
#1540 = PRESENTATION_LAYER_ASSIGNMENT (  '', '', ( #1176 ) ) ;
#1541 = DIRECTION ( 'NONE',  ( 0.000000000000000000, 0.000000000000000000, -1.000000000000000000 ) ) ;
#1542 = AXIS2_PLACEMENT_3D ( 'NONE', #762, #427, #1735 ) ;
#1543 = CIRCLE ( 'NONE', #778, 2.649999999999997691 ) ;
#1544 = DIRECTION ( 'NONE',  ( 0.000000000000000000, 0.000000000000000000, -1.000000000000000000 ) ) ;
#1545 = AXIS2_PLACEMENT_3D ( 'NONE', #1900, #472, #1755 ) ;
#1546 = VERTEX_POINT ( 'NONE', #611 ) ;
#1547 = DIRECTION ( 'NONE',  ( 1.000000000000000000, -0.000000000000000000, -0.000000000000000000 ) ) ;
#1548 = ORIENTED_EDGE ( 'NONE', *, *, #1732, .T. ) ;
#1549 = CARTESIAN_POINT ( 'NONE',  ( -3.000000000000000000, 13.99999999999998579, 90.00000000000000000 ) ) ;
#1550 = AXIS2_PLACEMENT_3D ( 'NONE', #1082, #1847, #1725 ) ;
#1551 = EDGE_CURVE ( 'NONE', #142, #1257, #842, .T. ) ;
#1552 = EDGE_CURVE ( 'NONE', #1980, #1719, #939, .T. ) ;
#1553 = ORIENTED_EDGE ( 'NONE', *, *, #1855, .F. ) ;
#1554 = DIRECTION ( 'NONE',  ( 0.000000000000000000, 0.000000000000000000, 1.000000000000000000 ) ) ;
#1555 = DIRECTION ( 'NONE',  ( 1.000000000000000000, -0.000000000000000000, -0.000000000000000000 ) ) ;
#1556 = ORIENTED_EDGE ( 'NONE', *, *, #833, .F. ) ;
#1557 = DIRECTION ( 'NONE',  ( 1.000000000000000000, -0.000000000000000000, -0.000000000000000000 ) ) ;
#1558 = ORIENTED_EDGE ( 'NONE', *, *, #1452, .T. ) ;
#1559 = CARTESIAN_POINT ( 'NONE',  ( 15.00000000000000000, 0.000000000000000000, 152.5000000000000000 ) ) ;
#1560 = DIRECTION ( 'NONE',  ( 1.000000000000000000, -0.000000000000000000, -0.000000000000000000 ) ) ;
#1561 = ORIENTED_EDGE ( 'NONE', *, *, #1645, .T. ) ;
#1562 = CYLINDRICAL_SURFACE ( 'NONE', #1574, 4.999999999999993783 ) ;
#1563 = EDGE_CURVE ( 'NONE', #1700, #923, #19, .T. ) ;
#1564 = FACE_OUTER_BOUND ( 'NONE', #309, .T. ) ;
#1565 = ORIENTED_EDGE ( 'NONE', *, *, #630, .F. ) ;
#1566 = DIRECTION ( 'NONE',  ( 1.000000000000000000, -0.000000000000000000, -0.000000000000000000 ) ) ;
#1567 = ORIENTED_EDGE ( 'NONE', *, *, #1373, .T. ) ;
#1568 = DIRECTION ( 'NONE',  ( 1.000000000000000000, -0.000000000000000000, -0.000000000000000000 ) ) ;
#1569 = CARTESIAN_POINT ( 'NONE',  ( 15.00000000000000000, 16.00000000000000000, -4.999999999999995559 ) ) ;
#1570 = EDGE_LOOP ( 'NONE', ( #687, #1356, #1828, #1857 ) ) ;
#1571 = CARTESIAN_POINT ( 'NONE',  ( 0.000000000000000000, -8.000000000000065725, 11.20640646055098877 ) ) ;
#1572 = AXIS2_PLACEMENT_3D ( 'NONE', #1598, #12, #1554 ) ;
#1573 = CARTESIAN_POINT ( 'NONE',  ( 0.000000000000000000, 39.00000000000000000, 14.99999999999999467 ) ) ;
#1574 = AXIS2_PLACEMENT_3D ( 'NONE', #1253, #634, #645 ) ;
#1575 = DIRECTION ( 'NONE',  ( 0.000000000000000000, 0.000000000000000000, -1.000000000000000000 ) ) ;
#1576 = EDGE_CURVE ( 'NONE', #1004, #1326, #168, .T. ) ;
#1577 = EDGE_CURVE ( 'NONE', #1761, #1215, #318, .T. ) ;
#1578 = CARTESIAN_POINT ( 'NONE',  ( 9.599999999999997868, -7.999999999999872102, -13.85640646055109215 ) ) ;
#1579 = CIRCLE ( 'NONE', #682, 3.249999999999999556 ) ;
#1580 = AXIS2_PLACEMENT_3D ( 'NONE', #108, #1050, #739 ) ;
#1581 = CIRCLE ( 'NONE', #685, 3.249999999999999556 ) ;
#1582 = ORIENTED_EDGE ( 'NONE', *, *, #78, .F. ) ;
#1583 = DIRECTION ( 'NONE',  ( 0.000000000000000000, 0.000000000000000000, -1.000000000000000000 ) ) ;
#1584 = AXIS2_PLACEMENT_3D ( 'NONE', #691, #1822, #393 ) ;
#1585 = DIRECTION ( 'NONE',  ( -0.000000000000000000, 1.000000000000000000, -0.000000000000000000 ) ) ;
#1586 = CARTESIAN_POINT ( 'NONE',  ( 15.00000000000000000, 39.00000000000000711, 150.0000000000000000 ) ) ;
#1587 = DIRECTION ( 'NONE',  ( 0.000000000000000000, 0.000000000000000000, -1.000000000000000000 ) ) ;
#1588 = DIRECTION ( 'NONE',  ( -0.000000000000000000, 0.000000000000000000, -1.000000000000000000 ) ) ;
#1589 = LINE ( 'NONE', #669, #192 ) ;
#1590 = DIRECTION ( 'NONE',  ( 1.000000000000000000, -0.000000000000000000, -0.000000000000000000 ) ) ;
#1591 = EDGE_CURVE ( 'NONE', #341, #458, #1684, .T. ) ;
#1592 = ORIENTED_EDGE ( 'NONE', *, *, #1663, .F. ) ;
#1593 = FACE_OUTER_BOUND ( 'NONE', #89, .T. ) ;
#1594 = ADVANCED_FACE ( 'NONE', ( #952 ), #1432, .F. ) ;
#1595 =( NAMED_UNIT ( * ) SI_UNIT ( $, .STERADIAN. ) SOLID_ANGLE_UNIT ( ) );
#1596 = ORIENTED_EDGE ( 'NONE', *, *, #1452, .F. ) ;
#1597 = DIRECTION ( 'NONE',  ( -1.000000000000000000, 0.000000000000000000, 0.000000000000000000 ) ) ;
#1598 = CARTESIAN_POINT ( 'NONE',  ( -2.500000000000000000, 0.000000000000000000, 0.000000000000000000 ) ) ;
#1599 = DIRECTION ( 'NONE',  ( 1.000000000000000000, -0.000000000000000000, -0.000000000000000000 ) ) ;
#1600 = CARTESIAN_POINT ( 'NONE',  ( 0.000000000000000000, -19.99999999999998934, 100.0000000000000000 ) ) ;
#1601 = ORIENTED_EDGE ( 'NONE', *, *, #700, .F. ) ;
#1602 = DIRECTION ( 'NONE',  ( -1.000000000000000000, 0.000000000000000000, 0.000000000000000000 ) ) ;
#1603 = CARTESIAN_POINT ( 'NONE',  ( 15.00000000000000000, 16.00000000000000000, 0.000000000000000000 ) ) ;
#1604 = CARTESIAN_POINT ( 'NONE',  ( 11.59999999999999964, 23.77310878027087782, -9.184402376762173859 ) ) ;
#1605 = ADVANCED_FACE ( 'NONE', ( #664 ), #366, .F. ) ;
#1606 = EDGE_CURVE ( 'NONE', #1182, #1853, #1179, .T. ) ;
#1607 = CARTESIAN_POINT ( 'NONE',  ( 9.599999999999997868, 16.00000000000000000, -4.999999999999997335 ) ) ;
#1608 = VERTEX_POINT ( 'NONE', #1825 ) ;
#1609 = LINE ( 'NONE', #1157, #51 ) ;
#1610 = FACE_BOUND ( 'NONE', #773, .T. ) ;
#1611 = CARTESIAN_POINT ( 'NONE',  ( 26.00000000000001066, -19.99999999999998934, 150.0000000000000000 ) ) ;
#1612 = CIRCLE ( 'NONE', #278, 2.649999999999999467 ) ;
#1613 = ORIENTED_EDGE ( 'NONE', *, *, #381, .F. ) ;
#1614 = CIRCLE ( 'NONE', #115, 10.00000000000000000 ) ;
#1615 = CARTESIAN_POINT ( 'NONE',  ( 0.000000000000000000, -19.99999999999998934, 49.99999999999998579 ) ) ;
#1616 = AXIS2_PLACEMENT_3D ( 'NONE', #618, #1101, #5 ) ;
#1617 = DIRECTION ( 'NONE',  ( 0.000000000000000000, 0.000000000000000000, -1.000000000000000000 ) ) ;
#1618 = AXIS2_PLACEMENT_3D ( 'NONE', #699, #535, #1949 ) ;
#1619 = EDGE_LOOP ( 'NONE', ( #1292, #156, #588, #997 ) ) ;
#1620 = EDGE_CURVE ( 'NONE', #222, #341, #1783, .T. ) ;
#1621 = DIRECTION ( 'NONE',  ( -0.000000000000000000, 1.000000000000000000, 0.000000000000000000 ) ) ;
#1622 = ORIENTED_EDGE ( 'NONE', *, *, #1361, .F. ) ;
#1623 = FILL_AREA_STYLE_COLOUR ( '', #250 ) ;
#1624 = CARTESIAN_POINT ( 'NONE',  ( 11.59999999999999964, -3.132628613281330132, 27.04467667297144118 ) ) ;
#1625 = DIRECTION ( 'NONE',  ( 0.000000000000000000, 0.000000000000000000, -1.000000000000000000 ) ) ;
#1626 = ORIENTED_EDGE ( 'NONE', *, *, #509, .T. ) ;
#1627 = DIRECTION ( 'NONE',  ( 0.000000000000000000, 0.000000000000000000, 1.000000000000000000 ) ) ;
#1628 = FACE_BOUND ( 'NONE', #453, .T. ) ;
#1629 = CARTESIAN_POINT ( 'NONE',  ( 0.000000000000000000, 19.99999999999998934, 150.0000000000000000 ) ) ;
#1630 = UNCERTAINTY_MEASURE_WITH_UNIT (LENGTH_MEASURE( 1.000000000000000082E-05 ), #1742, 'distance_accuracy_value', 'NONE');
#1631 = EDGE_LOOP ( 'NONE', ( #1996, #175, #1930, #1601 ) ) ;
#1632 = LINE ( 'NONE', #658, #681 ) ;
#1633 = CARTESIAN_POINT ( 'NONE',  ( 11.59999999999999964, 22.17310878027087639, -12.43440237676217208 ) ) ;
#1634 = DIRECTION ( 'NONE',  ( 0.000000000000000000, -0.000000000000000000, 1.000000000000000000 ) ) ;
#1635 = ADVANCED_FACE ( 'NONE', ( #1792, #1638, #1469, #872, #524, #43, #1933, #1478, #1628, #1312, #1674 ), #1946, .F. ) ;
#1636 = EDGE_LOOP ( 'NONE', ( #617, #1970 ) ) ;
#1637 = DIRECTION ( 'NONE',  ( 1.000000000000000000, -0.000000000000000000, -0.000000000000000000 ) ) ;
#1638 = FACE_BOUND ( 'NONE', #8, .T. ) ;
#1639 = ORIENTED_EDGE ( 'NONE', *, *, #807, .F. ) ;
#1640 = CARTESIAN_POINT ( 'NONE',  ( 3.086955165771318666E-15, -19.99999999999998934, 90.00000000000000000 ) ) ;
#1641 = ORIENTED_EDGE ( 'NONE', *, *, #1905, .F. ) ;
#1642 = DIRECTION ( 'NONE',  ( 0.000000000000000000, 0.000000000000000000, -1.000000000000000000 ) ) ;
#1643 = CARTESIAN_POINT ( 'NONE',  ( 0.000000000000000000, -3.132628613281330576, 22.19467667297144331 ) ) ;
#1644 = ADVANCED_FACE ( 'NONE', ( #510 ), #690, .T. ) ;
#1645 = EDGE_CURVE ( 'NONE', #1608, #203, #1945, .T. ) ;
#1646 = EDGE_LOOP ( 'NONE', ( #1834, #234 ) ) ;
#1647 = DIRECTION ( 'NONE',  ( 1.000000000000000000, -0.000000000000000000, -0.000000000000000000 ) ) ;
#1648 = AXIS2_PLACEMENT_3D ( 'NONE', #1701, #273, #1541 ) ;
#1649 = ORIENTED_EDGE ( 'NONE', *, *, #438, .F. ) ;
#1650 = LINE ( 'NONE', #367, #1654 ) ;
#1651 = AXIS2_PLACEMENT_3D ( 'NONE', #1496, #74, #705 ) ;
#1652 = AXIS2_PLACEMENT_3D ( 'NONE', #1405, #446, #2044 ) ;
#1653 = ORIENTED_EDGE ( 'NONE', *, *, #1968, .F. ) ;
#1654 = VECTOR ( 'NONE', #214, 1000.000000000000114 ) ;
#1655 = AXIS2_PLACEMENT_3D ( 'NONE', #28, #659, #1928 ) ;
#1656 = AXIS2_PLACEMENT_3D ( 'NONE', #649, #1938, #518 ) ;
#1657 = DIRECTION ( 'NONE',  ( -1.000000000000000000, -0.000000000000000000, -0.000000000000000000 ) ) ;
#1658 = ORIENTED_EDGE ( 'NONE', *, *, #480, .T. ) ;
#1659 = CARTESIAN_POINT ( 'NONE',  ( 15.00000000000000000, 0.000000000000000000, 0.000000000000000000 ) ) ;
#1660 = EDGE_CURVE ( 'NONE', #637, #1156, #1162, .T. ) ;
#1661 = VERTEX_POINT ( 'NONE', #1515 ) ;
#1662 = CARTESIAN_POINT ( 'NONE',  ( 0.000000000000000000, 22.17310878027087639, -10.78440237676217173 ) ) ;
#1663 = EDGE_CURVE ( 'NONE', #272, #696, #286, .T. ) ;
#1664 = VERTEX_POINT ( 'NONE', #721 ) ;
#1665 = CARTESIAN_POINT ( 'NONE',  ( 15.00000000000000000, -3.132628613281330576, 23.79467667297144473 ) ) ;
#1666 = VERTEX_POINT ( 'NONE', #565 ) ;
#1667 = CARTESIAN_POINT ( 'NONE',  ( 15.00000000000000000, 22.17310878027087639, -12.43440237676217208 ) ) ;
#1668 = EDGE_LOOP ( 'NONE', ( #1565, #1658, #627, #1768 ) ) ;
#1669 = CARTESIAN_POINT ( 'NONE',  ( 26.00000000000001066, -19.99999999999998934, 49.99999999999998579 ) ) ;
#1670 = EDGE_CURVE ( 'NONE', #601, #568, #1716, .T. ) ;
#1671 = EDGE_CURVE ( 'NONE', #725, #376, #580, .T. ) ;
#1672 = ORIENTED_EDGE ( 'NONE', *, *, #1385, .T. ) ;
#1673 = LINE ( 'NONE', #1037, #514 ) ;
#1674 = FACE_OUTER_BOUND ( 'NONE', #444, .T. ) ;
#1675 = ORIENTED_EDGE ( 'NONE', *, *, #1950, .F. ) ;
#1676 = CARTESIAN_POINT ( 'NONE',  ( 15.00000000000000000, -19.04048016698972745, 14.61027429620919449 ) ) ;
#1677 = ORIENTED_EDGE ( 'NONE', *, *, #1905, .T. ) ;
#1678 = CYLINDRICAL_SURFACE ( 'NONE', #713, 1.600000000000000755 ) ;
#1679 = VECTOR ( 'NONE', #363, 1000.000000000000000 ) ;
#1680 = CIRCLE ( 'NONE', #476, 3.249999999999999556 ) ;
#1681 = ORIENTED_EDGE ( 'NONE', *, *, #486, .T. ) ;
#1682 = CIRCLE ( 'NONE', #935, 3.249999999999999556 ) ;
#1683 = EDGE_CURVE ( 'NONE', #694, #1504, #258, .T. ) ;
#1684 = CIRCLE ( 'NONE', #1545, 1.600000000000000755 ) ;
#1685 = VECTOR ( 'NONE', #559, 1000.000000000000000 ) ;
#1686 = CYLINDRICAL_SURFACE ( 'NONE', #1648, 4.999999999999993783 ) ;
#1687 = DIRECTION ( 'NONE',  ( -1.000000000000000000, -0.000000000000000000, -0.000000000000000000 ) ) ;
#1688 = VERTEX_POINT ( 'NONE', #100 ) ;
#1689 = CARTESIAN_POINT ( 'NONE',  ( 15.00000000000000000, 3.061616997868367857E-16, 147.5000000000000000 ) ) ;
#1690 = ORIENTED_EDGE ( 'NONE', *, *, #1411, .T. ) ;
#1691 = CARTESIAN_POINT ( 'NONE',  ( 0.000000000000000000, 22.17310878027087284, 10.78440237676216995 ) ) ;
#1692 = ORIENTED_EDGE ( 'NONE', *, *, #103, .F. ) ;
#1693 = CARTESIAN_POINT ( 'NONE',  ( 11.59999999999999964, -19.04048016698952139, -11.36027429620945561 ) ) ;
#1694 = CARTESIAN_POINT ( 'NONE',  ( 9.599999999999997868, -7.999999999999872102, -11.20640646055109357 ) ) ;
#1695 = ORIENTED_EDGE ( 'NONE', *, *, #1142, .F. ) ;
#1696 = ADVANCED_FACE ( 'NONE', ( #730 ), #1366, .F. ) ;
#1697 = LINE ( 'NONE', #124, #2042 ) ;
#1698 = ORIENTED_EDGE ( 'NONE', *, *, #371, .F. ) ;
#1699 = CARTESIAN_POINT ( 'NONE',  ( 15.00000000000000000, -19.04048016698972745, 14.61027429620919449 ) ) ;
#1700 = VERTEX_POINT ( 'NONE', #1136 ) ;
#1701 = CARTESIAN_POINT ( 'NONE',  ( 15.00000000000000000, -8.000000000000065725, 13.85640646055098379 ) ) ;
#1702 = DIRECTION ( 'NONE',  ( 0.000000000000000000, 0.000000000000000000, -1.000000000000000000 ) ) ;
#1703 = VERTEX_POINT ( 'NONE', #1457 ) ;
#1704 = CARTESIAN_POINT ( 'NONE',  ( 0.000000000000000000, -3.132628613280998842, -25.39467667297147813 ) ) ;
#1705 = ADVANCED_FACE ( 'NONE', ( #33 ), #1067, .F. ) ;
#1706 = EDGE_CURVE ( 'NONE', #1719, #1875, #385, .T. ) ;
#1707 = ORIENTED_EDGE ( 'NONE', *, *, #1809, .F. ) ;
#1708 = DIRECTION ( 'NONE',  ( 0.000000000000000000, 0.000000000000000000, -1.000000000000000000 ) ) ;
#1709 = ORIENTED_EDGE ( 'NONE', *, *, #1744, .T. ) ;
#1710 = CIRCLE ( 'NONE', #1404, 1.600000000000000755 ) ;
#1711 = VECTOR ( 'NONE', #609, 1000.000000000000000 ) ;
#1712 = AXIS2_PLACEMENT_3D ( 'NONE', #1295, #977, #1131 ) ;
#1713 = LINE ( 'NONE', #1262, #1443 ) ;
#1714 = VECTOR ( 'NONE', #1192, 1000.000000000000000 ) ;
#1715 = FACE_OUTER_BOUND ( 'NONE', #1068, .T. ) ;
#1716 = CIRCLE ( 'NONE', #1075, 3.249999999999999556 ) ;
#1717 = ORIENTED_EDGE ( 'NONE', *, *, #1422, .T. ) ;
#1718 = DIRECTION ( 'NONE',  ( 0.000000000000000000, 0.000000000000000000, -1.000000000000000000 ) ) ;
#1719 = VERTEX_POINT ( 'NONE', #1209 ) ;
#1720 = CARTESIAN_POINT ( 'NONE',  ( 15.00000000000000000, 39.00000000000000711, 150.0000000000000000 ) ) ;
#1721 = DIRECTION ( 'NONE',  ( 0.000000000000000000, 0.000000000000000000, 1.000000000000000000 ) ) ;
#1722 = EDGE_LOOP ( 'NONE', ( #395, #1231, #96, #757 ) ) ;
#1723 = EDGE_CURVE ( 'NONE', #719, #470, #596, .T. ) ;
#1724 = CARTESIAN_POINT ( 'NONE',  ( 15.00000000000000000, -39.00000000000000000, 7.164183775012015633E-15 ) ) ;
#1725 = DIRECTION ( 'NONE',  ( 0.000000000000000000, 0.000000000000000000, -1.000000000000000000 ) ) ;
#1726 = EDGE_LOOP ( 'NONE', ( #554, #1007, #701, #1582 ) ) ;
#1727 = DIRECTION ( 'NONE',  ( 0.000000000000000000, 0.000000000000000000, -1.000000000000000000 ) ) ;
#1728 = EDGE_LOOP ( 'NONE', ( #270, #1867, #240, #145 ) ) ;
#1729 = FACE_OUTER_BOUND ( 'NONE', #1041, .T. ) ;
#1730 = DIRECTION ( 'NONE',  ( 0.000000000000000000, 0.000000000000000000, -1.000000000000000000 ) ) ;
#1731 = EDGE_LOOP ( 'NONE', ( #1772, #1168 ) ) ;
#1732 = EDGE_CURVE ( 'NONE', #1774, #740, #1885, .T. ) ;
#1733 = PLANE ( 'NONE',  #1505 ) ;
#1734 = DIRECTION ( 'NONE',  ( -0.000000000000000000, -0.000000000000000000, 1.000000000000000000 ) ) ;
#1735 = DIRECTION ( 'NONE',  ( 0.000000000000000000, 0.000000000000000000, -1.000000000000000000 ) ) ;
#1736 = ORIENTED_EDGE ( 'NONE', *, *, #1645, .F. ) ;
#1737 = DIRECTION ( 'NONE',  ( 1.000000000000000000, -0.000000000000000000, -0.000000000000000000 ) ) ;
#1738 = ORIENTED_EDGE ( 'NONE', *, *, #1088, .F. ) ;
#1739 = DIRECTION ( 'NONE',  ( 1.000000000000000000, -0.000000000000000000, -0.000000000000000000 ) ) ;
#1740 = CARTESIAN_POINT ( 'NONE',  ( 15.00000000000000000, -19.04048016698952139, -17.86027429620945384 ) ) ;
#1741 = PLANE ( 'NONE',  #1349 ) ;
#1742 =( LENGTH_UNIT ( ) NAMED_UNIT ( * ) SI_UNIT ( .MILLI., .METRE. ) );
#1743 = LINE ( 'NONE', #955, #1778 ) ;
#1744 = EDGE_CURVE ( 'NONE', #458, #341, #1210, .T. ) ;
#1745 = CIRCLE ( 'NONE', #1243, 4.999999999999997335 ) ;
#1746 = CARTESIAN_POINT ( 'NONE',  ( 15.00000000000000000, -19.04048016698972745, 14.61027429620919449 ) ) ;
#1747 = AXIS2_PLACEMENT_3D ( 'NONE', #302, #311, #1721 ) ;
#1748 = CARTESIAN_POINT ( 'NONE',  ( 11.59999999999999964, -19.04048016698972745, 14.61027429620919449 ) ) ;
#1750 = EDGE_CURVE ( 'NONE', #1666, #386, #1377, .T. ) ;
#1749 = AXIS2_PLACEMENT_3D ( 'NONE', #772, #924, #1727 ) ;
#1751 = VECTOR ( 'NONE', #770, 1000.000000000000000 ) ;
#1752 = ORIENTED_EDGE ( 'NONE', *, *, #833, .T. ) ;
#1753 = DIRECTION ( 'NONE',  ( 1.000000000000000000, -0.000000000000000000, -0.000000000000000000 ) ) ;
#1754 = VECTOR ( 'NONE', #1814, 1000.000000000000000 ) ;
#1755 = DIRECTION ( 'NONE',  ( 0.000000000000000000, 0.000000000000000000, -1.000000000000000000 ) ) ;
#1756 = FACE_OUTER_BOUND ( 'NONE', #1191, .T. ) ;
#1757 = FACE_OUTER_BOUND ( 'NONE', #1029, .T. ) ;
#1758 = FACE_OUTER_BOUND ( 'NONE', #1886, .T. ) ;
#1759 = CARTESIAN_POINT ( 'NONE',  ( 15.00000000000000000, -7.999999999999872102, -11.20640646055109535 ) ) ;
#1760 = EDGE_CURVE ( 'NONE', #1926, #1980, #1107, .T. ) ;
#1761 = VERTEX_POINT ( 'NONE', #1388 ) ;
#1762 = FACE_OUTER_BOUND ( 'NONE', #845, .T. ) ;
#1763 = FACE_BOUND ( 'NONE', #1991, .T. ) ;
#1764 = DIRECTION ( 'NONE',  ( 1.000000000000000000, -0.000000000000000000, -0.000000000000000000 ) ) ;
#1765 = FACE_OUTER_BOUND ( 'NONE', #1440, .T. ) ;
#1766 = LINE ( 'NONE', #1907, #447 ) ;
#1767 = DIRECTION ( 'NONE',  ( 0.000000000000000000, 0.000000000000000000, -1.000000000000000000 ) ) ;
#1768 = ORIENTED_EDGE ( 'NONE', *, *, #1411, .F. ) ;
#1769 = CARTESIAN_POINT ( 'NONE',  ( 0.000000000000000000, 19.99999999999998934, 90.00000000000000000 ) ) ;
#1770 = ADVANCED_FACE ( 'NONE', ( #1715 ), #2011, .F. ) ;
#1771 = DIRECTION ( 'NONE',  ( -1.000000000000000000, 0.000000000000000000, 0.000000000000000000 ) ) ;
#1772 = ORIENTED_EDGE ( 'NONE', *, *, #832, .T. ) ;
#1773 = CARTESIAN_POINT ( 'NONE',  ( 0.000000000000000000, 22.17310878027087639, -9.184402376762173859 ) ) ;
#1774 = VERTEX_POINT ( 'NONE', #912 ) ;
#1775 = CARTESIAN_POINT ( 'NONE',  ( 11.59999999999999964, -3.132628613280998842, -27.04467667297147671 ) ) ;
#1776 = CYLINDRICAL_SURFACE ( 'NONE', #1284, 1.600000000000000755 ) ;
#1777 = CARTESIAN_POINT ( 'NONE',  ( 15.00000000000000000, -3.132628613281330576, 23.79467667297144473 ) ) ;
#1778 = VECTOR ( 'NONE', #1734, 1000.000000000000000 ) ;
#1779 = EDGE_LOOP ( 'NONE', ( #374, #1092 ) ) ;
#1780 = VECTOR ( 'NONE', #1063, 1000.000000000000000 ) ;
#1781 = DIRECTION ( 'NONE',  ( -0.8944271909999158554, -0.4472135954999581497, -0.000000000000000000 ) ) ;
#1782 = AXIS2_PLACEMENT_3D ( 'NONE', #1748, #1909, #495 ) ;
#1783 = LINE ( 'NONE', #1956, #776 ) ;
#1784 = ORIENTED_EDGE ( 'NONE', *, *, #1154, .F. ) ;
#1785 = DIRECTION ( 'NONE',  ( 0.000000000000000000, 0.000000000000000000, -1.000000000000000000 ) ) ;
#1786 = EDGE_CURVE ( 'NONE', #1664, #637, #225, .T. ) ;
#1787 = ORIENTED_EDGE ( 'NONE', *, *, #257, .T. ) ;
#1788 = CARTESIAN_POINT ( 'NONE',  ( 9.599999999999997868, 16.00000000000000000, 4.999999999999998224 ) ) ;
#1789 = CARTESIAN_POINT ( 'NONE',  ( 26.00000000000001066, 19.99999999999998934, 49.99999999999998579 ) ) ;
#1790 = ORIENTED_EDGE ( 'NONE', *, *, #1514, .T. ) ;
#1791 = DIRECTION ( 'NONE',  ( 0.000000000000000000, 0.000000000000000000, -1.000000000000000000 ) ) ;
#1792 = FACE_BOUND ( 'NONE', #1197, .T. ) ;
#1793 = CARTESIAN_POINT ( 'NONE',  ( 0.000000000000000000, -7.999999999999872102, -11.20640646055109535 ) ) ;
#1794 = CARTESIAN_POINT ( 'NONE',  ( 0.000000000000000000, 0.000000000000000000, 0.000000000000000000 ) ) ;
#1795 = ORIENTED_EDGE ( 'NONE', *, *, #439, .T. ) ;
#1796 = DIRECTION ( 'NONE',  ( 1.000000000000000000, -0.000000000000000000, -0.000000000000000000 ) ) ;
#1797 = ADVANCED_FACE ( 'NONE', ( #420 ), #1856, .T. ) ;
#1798 = ADVANCED_FACE ( 'NONE', ( #2029 ), #130, .F. ) ;
#1799 = CYLINDRICAL_SURFACE ( 'NONE', #11, 1.600000000000000755 ) ;
#1800 = ORIENTED_EDGE ( 'NONE', *, *, #1061, .T. ) ;
#1801 = AXIS2_PLACEMENT_3D ( 'NONE', #1794, #35, #1155 ) ;
#1802 = DIRECTION ( 'NONE',  ( 1.000000000000000000, 0.000000000000000000, 0.000000000000000000 ) ) ;
#1803 = ORIENTED_EDGE ( 'NONE', *, *, #1563, .F. ) ;
#1804 = CARTESIAN_POINT ( 'NONE',  ( 26.00000000000001066, -39.00000000000000000, 14.99999999999999467 ) ) ;
#1805 = ORIENTED_EDGE ( 'NONE', *, *, #606, .T. ) ;
#1806 = ADVANCED_FACE ( 'NONE', ( #1057 ), #1396, .F. ) ;
#1807 = DIRECTION ( 'NONE',  ( 0.000000000000000000, 0.000000000000000000, -1.000000000000000000 ) ) ;
#1808 = ORIENTED_EDGE ( 'NONE', *, *, #919, .F. ) ;
#1809 = EDGE_CURVE ( 'NONE', #344, #277, #1874, .T. ) ;
#1810 = CARTESIAN_POINT ( 'NONE',  ( 15.00000000000000000, 22.17310878027087639, -9.184402376762173859 ) ) ;
#1811 = CIRCLE ( 'NONE', #2038, 1.600000000000000755 ) ;
#1812 = CIRCLE ( 'NONE', #972, 3.249999999999999556 ) ;
#1813 = ORIENTED_EDGE ( 'NONE', *, *, #321, .T. ) ;
#1814 = DIRECTION ( 'NONE',  ( -1.000000000000000000, -0.000000000000000000, -0.000000000000000000 ) ) ;
#1815 = AXIS2_PLACEMENT_3D ( 'NONE', #1865, #1547, #83 ) ;
#1816 = ORIENTED_EDGE ( 'NONE', *, *, #1786, .F. ) ;
#1817 = CARTESIAN_POINT ( 'NONE',  ( 15.00000000000000000, 22.17310878027087284, 9.184402376762170306 ) ) ;
#1818 = ORIENTED_EDGE ( 'NONE', *, *, #1015, .T. ) ;
#1819 = CARTESIAN_POINT ( 'NONE',  ( -3.000000000000000000, 19.99999999999998934, 90.00000000000000000 ) ) ;
#1820 = EDGE_CURVE ( 'NONE', #801, #1308, #1251, .T. ) ;
#1821 = VERTEX_POINT ( 'NONE', #1694 ) ;
#1822 = DIRECTION ( 'NONE',  ( 1.000000000000000000, 0.000000000000000000, 0.000000000000000000 ) ) ;
#1823 = ORIENTED_EDGE ( 'NONE', *, *, #509, .F. ) ;
#1824 = DIRECTION ( 'NONE',  ( 0.000000000000000000, 0.000000000000000000, -1.000000000000000000 ) ) ;
#1825 = CARTESIAN_POINT ( 'NONE',  ( 11.59999999999999964, -3.132628613281330576, 25.39467667297144615 ) ) ;
#1826 = VERTEX_POINT ( 'NONE', #297 ) ;
#1827 = DIRECTION ( 'NONE',  ( 1.000000000000000000, 0.000000000000000000, 0.000000000000000000 ) ) ;
#1828 = ORIENTED_EDGE ( 'NONE', *, *, #269, .T. ) ;
#1829 = LINE ( 'NONE', #1852, #938 ) ;
#1830 = ADVANCED_FACE ( 'NONE', ( #922, #1564 ), #932, .F. ) ;
#1831 = ORIENTED_EDGE ( 'NONE', *, *, #496, .F. ) ;
#1832 = DIRECTION ( 'NONE',  ( 0.000000000000000000, 0.000000000000000000, -1.000000000000000000 ) ) ;
#1833 = DIRECTION ( 'NONE',  ( 1.000000000000000000, -0.000000000000000000, -0.000000000000000000 ) ) ;
#1834 = ORIENTED_EDGE ( 'NONE', *, *, #648, .F. ) ;
#1835 = CARTESIAN_POINT ( 'NONE',  ( 15.00000000000000000, 22.17310878027087284, 5.934402376762170306 ) ) ;
#1836 = VERTEX_POINT ( 'NONE', #890 ) ;
#1837 = VECTOR ( 'NONE', #1997, 1000.000000000000000 ) ;
#1838 = CARTESIAN_POINT ( 'NONE',  ( 11.59999999999999964, -3.132628613281330576, 20.54467667297144473 ) ) ;
#1839 = VECTOR ( 'NONE', #157, 1000.000000000000000 ) ;
#1840 = ORIENTED_EDGE ( 'NONE', *, *, #700, .T. ) ;
#1841 = VECTOR ( 'NONE', #105, 1000.000000000000000 ) ;
#1842 = VECTOR ( 'NONE', #2021, 1000.000000000000000 ) ;
#1844 = ADVANCED_FACE ( 'NONE', ( #1531 ), #1776, .F. ) ;
#1843 = AXIS2_PLACEMENT_3D ( 'NONE', #2055, #792, #1438 ) ;
#1845 = AXIS2_PLACEMENT_3D ( 'NONE', #34, #666, #1302 ) ;
#1846 = DIRECTION ( 'NONE',  ( -1.000000000000000000, -0.000000000000000000, -0.000000000000000000 ) ) ;
#1847 = DIRECTION ( 'NONE',  ( 1.000000000000000000, 0.000000000000000000, 0.000000000000000000 ) ) ;
#1848 = CIRCLE ( 'NONE', #945, 1.599999999999998979 ) ;
#1849 = ORIENTED_EDGE ( 'NONE', *, *, #673, .F. ) ;
#1850 = CYLINDRICAL_SURFACE ( 'NONE', #1245, 4.999999999999993783 ) ;
#1851 = VERTEX_POINT ( 'NONE', #351 ) ;
#1852 = CARTESIAN_POINT ( 'NONE',  ( 0.000000000000000000, -19.99999999999998934, 150.0000000000000000 ) ) ;
#1853 = VERTEX_POINT ( 'NONE', #799 ) ;
#1854 = DIRECTION ( 'NONE',  ( 0.000000000000000000, 0.000000000000000000, -1.000000000000000000 ) ) ;
#1855 = EDGE_CURVE ( 'NONE', #1901, #46, #1132, .T. ) ;
#1856 = CYLINDRICAL_SURFACE ( 'NONE', #1409, 10.00000000000000000 ) ;
#1857 = ORIENTED_EDGE ( 'NONE', *, *, #167, .F. ) ;
#1858 = DIRECTION ( 'NONE',  ( 0.000000000000000000, 0.000000000000000000, -1.000000000000000000 ) ) ;
#1859 = ORIENTED_EDGE ( 'NONE', *, *, #1222, .F. ) ;
#1860 = DIRECTION ( 'NONE',  ( 0.000000000000000000, 0.000000000000000000, -1.000000000000000000 ) ) ;
#1861 = ORIENTED_EDGE ( 'NONE', *, *, #210, .T. ) ;
#1862 = DIRECTION ( 'NONE',  ( 1.000000000000000000, -0.000000000000000000, -0.000000000000000000 ) ) ;
#1863 = DIRECTION ( 'NONE',  ( 1.000000000000000000, -0.000000000000000000, -0.000000000000000000 ) ) ;
#1864 = ORIENTED_EDGE ( 'NONE', *, *, #1968, .T. ) ;
#1865 = CARTESIAN_POINT ( 'NONE',  ( 11.59999999999999964, -3.132628613280998842, -23.79467667297147671 ) ) ;
#1866 = EDGE_CURVE ( 'NONE', #421, #1299, #1296, .T. ) ;
#1867 = ORIENTED_EDGE ( 'NONE', *, *, #1222, .T. ) ;
#1868 = DIRECTION ( 'NONE',  ( 0.000000000000000000, 0.000000000000000000, -1.000000000000000000 ) ) ;
#1869 = EDGE_LOOP ( 'NONE', ( #1808, #1119, #1864, #1508 ) ) ;
#1870 = CIRCLE ( 'NONE', #1940, 10.00000000000000000 ) ;
#1871 = AXIS2_PLACEMENT_3D ( 'NONE', #1955, #1647, #672 ) ;
#1872 = DIRECTION ( 'NONE',  ( -0.4472135954999580942, 0.8944271909999157444, 0.000000000000000000 ) ) ;
#1873 = AXIS2_PLACEMENT_3D ( 'NONE', #329, #485, #933 ) ;
#1874 = LINE ( 'NONE', #307, #910 ) ;
#1875 = VERTEX_POINT ( 'NONE', #979 ) ;
#1876 = CARTESIAN_POINT ( 'NONE',  ( 15.00000000000000000, -19.04048016698972745, 16.21027429620919236 ) ) ;
#1877 = ORIENTED_EDGE ( 'NONE', *, *, #1220, .F. ) ;
#1878 = CARTESIAN_POINT ( 'NONE',  ( 11.59999999999999964, 22.17310878027087639, -7.584402376762172437 ) ) ;
#1879 = EDGE_CURVE ( 'NONE', #641, #213, #1113, .T. ) ;
#1880 = EDGE_CURVE ( 'NONE', #1901, #261, #1184, .T. ) ;
#1881 = CYLINDRICAL_SURFACE ( 'NONE', #314, 10.00000000000000000 ) ;
#1882 = ORIENTED_EDGE ( 'NONE', *, *, #1918, .T. ) ;
#1883 = CARTESIAN_POINT ( 'NONE',  ( -3.000000000000000000, 19.99999999999998934, 90.00000000000000000 ) ) ;
#1884 = CARTESIAN_POINT ( 'NONE',  ( 15.00000000000000000, -3.132628613280998842, -22.19467667297147884 ) ) ;
#1885 = LINE ( 'NONE', #122, #1842 ) ;
#1886 = EDGE_LOOP ( 'NONE', ( #1707, #228, #592, #880 ) ) ;
#1887 = FACE_OUTER_BOUND ( 'NONE', #1294, .T. ) ;
#1888 = EDGE_LOOP ( 'NONE', ( #1497, #140, #874, #106 ) ) ;
#1889 = CYLINDRICAL_SURFACE ( 'NONE', #841, 3.249999999999999556 ) ;
#1890 = FACE_OUTER_BOUND ( 'NONE', #1332, .T. ) ;
#1891 = EDGE_CURVE ( 'NONE', #1504, #1412, #1080, .T. ) ;
#1892 = FACE_BOUND ( 'NONE', #1731, .T. ) ;
#1893 = DIRECTION ( 'NONE',  ( 1.000000000000000000, 0.000000000000000000, 0.000000000000000000 ) ) ;
#1894 = EDGE_CURVE ( 'NONE', #164, #117, #1589, .T. ) ;
#1895 = PLANE ( 'NONE',  #1572 ) ;
#1896 = CARTESIAN_POINT ( 'NONE',  ( 0.000000000000000000, 22.17310878027087284, 7.584402376762168885 ) ) ;
#1897 = DIRECTION ( 'NONE',  ( 1.000000000000000000, -0.000000000000000000, -0.000000000000000000 ) ) ;
#1898 = ORIENTED_EDGE ( 'NONE', *, *, #1244, .F. ) ;
#1899 = CARTESIAN_POINT ( 'NONE',  ( 0.000000000000000000, -3.132628613280998842, -23.79467667297147671 ) ) ;
#1900 = CARTESIAN_POINT ( 'NONE',  ( 11.59999999999999964, 22.17310878027087639, -9.184402376762173859 ) ) ;
#1901 = VERTEX_POINT ( 'NONE', #1624 ) ;
#1902 = PLANE ( 'NONE',  #1034 ) ;
#1903 = AXIS2_PLACEMENT_3D ( 'NONE', #602, #434, #479 ) ;
#1904 = CYLINDRICAL_SURFACE ( 'NONE', #1903, 1.600000000000000755 ) ;
#1905 = EDGE_CURVE ( 'NONE', #242, #745, #1766, .T. ) ;
#1906 = CIRCLE ( 'NONE', #1973, 19.99999999999998934 ) ;
#1907 = CARTESIAN_POINT ( 'NONE',  ( -3.000000000000000000, 19.99999999999998934, 100.0000000000000000 ) ) ;
#1908 = CIRCLE ( 'NONE', #1009, 2.649999999999995914 ) ;
#1909 = DIRECTION ( 'NONE',  ( 1.000000000000000000, -0.000000000000000000, -0.000000000000000000 ) ) ;
#1910 = VECTOR ( 'NONE', #308, 1000.000000000000000 ) ;
#1911 = AXIS2_PLACEMENT_3D ( 'NONE', #1358, #1771, #1328 ) ;
#1912 = VERTEX_POINT ( 'NONE', #14 ) ;
#1913 = FACE_BOUND ( 'NONE', #759, .T. ) ;
#1914 = ORIENTED_EDGE ( 'NONE', *, *, #1395, .T. ) ;
#1915 = CARTESIAN_POINT ( 'NONE',  ( 15.00000000000000000, 22.17310878027087639, -9.184402376762173859 ) ) ;
#1916 = DIRECTION ( 'NONE',  ( 0.000000000000000000, 0.000000000000000000, -1.000000000000000000 ) ) ;
#1917 = CARTESIAN_POINT ( 'NONE',  ( 11.59999999999999964, -1.532628613281327823, 23.79467667297144473 ) ) ;
#1918 = EDGE_CURVE ( 'NONE', #736, #992, #487, .T. ) ;
#1919 = ADVANCED_FACE ( 'NONE', ( #1758 ), #1100, .F. ) ;
#1920 = DIRECTION ( 'NONE',  ( -1.000000000000000000, -0.000000000000000000, -0.000000000000000000 ) ) ;
#1921 = EDGE_LOOP ( 'NONE', ( #1434, #1255 ) ) ;
#1922 = CARTESIAN_POINT ( 'NONE',  ( 15.00000000000000000, -7.999999999999872102, -13.85640646055109215 ) ) ;
#1923 = CYLINDRICAL_SURFACE ( 'NONE', #1941, 4.999999999999995559 ) ;
#1924 = FACE_BOUND ( 'NONE', #71, .T. ) ;
#1925 = FACE_OUTER_BOUND ( 'NONE', #1619, .T. ) ;
#1926 = VERTEX_POINT ( 'NONE', #1788 ) ;
#1927 = CARTESIAN_POINT ( 'NONE',  ( 15.00000000000000000, -19.04048016698972745, 13.01027429620919307 ) ) ;
#1928 = DIRECTION ( 'NONE',  ( 0.000000000000000000, 0.000000000000000000, -1.000000000000000000 ) ) ;
#1929 = CARTESIAN_POINT ( 'NONE',  ( 0.000000000000000000, -3.132628613281330576, 23.79467667297144473 ) ) ;
#1930 = ORIENTED_EDGE ( 'NONE', *, *, #931, .T. ) ;
#1931 = LINE ( 'NONE', #1819, #809 ) ;
#1932 = ADVANCED_FACE ( 'NONE', ( #1263 ), #362, .F. ) ;
#1933 = FACE_BOUND ( 'NONE', #1354, .T. ) ;
#1934 = ORIENTED_EDGE ( 'NONE', *, *, #281, .F. ) ;
#1935 = LINE ( 'NONE', #1140, #152 ) ;
#1936 = ORIENTED_EDGE ( 'NONE', *, *, #1373, .F. ) ;
#1937 = CARTESIAN_POINT ( 'NONE',  ( 0.000000000000000000, 22.17310878027087284, 9.184402376762170306 ) ) ;
#1938 = DIRECTION ( 'NONE',  ( 1.000000000000000000, -0.000000000000000000, -0.000000000000000000 ) ) ;
#1939 = FACE_OUTER_BOUND ( 'NONE', #289, .T. ) ;
#1940 = AXIS2_PLACEMENT_3D ( 'NONE', #753, #1020, #720 ) ;
#1941 = AXIS2_PLACEMENT_3D ( 'NONE', #1603, #2058, #2050 ) ;
#1942 = VERTEX_POINT ( 'NONE', #1633 ) ;
#1943 = AXIS2_PLACEMENT_3D ( 'NONE', #1899, #32, #471 ) ;
#1944 = DIRECTION ( 'NONE',  ( 0.000000000000000000, 0.000000000000000000, -1.000000000000000000 ) ) ;
#1945 = CIRCLE ( 'NONE', #188, 1.600000000000004086 ) ;
#1946 = PLANE ( 'NONE',  #747 ) ;
#1947 = VECTOR ( 'NONE', #60, 1000.000000000000000 ) ;
#1948 = ORIENTED_EDGE ( 'NONE', *, *, #333, .T. ) ;
#1949 = DIRECTION ( 'NONE',  ( 0.000000000000000000, 0.000000000000000000, -1.000000000000000000 ) ) ;
#1950 = EDGE_CURVE ( 'NONE', #1004, #1851, #206, .T. ) ;
#1951 = VERTEX_POINT ( 'NONE', #1896 ) ;
#1952 = CARTESIAN_POINT ( 'NONE',  ( 0.000000000000000000, -19.99999999999998934, 150.0000000000000000 ) ) ;
#1953 = LINE ( 'NONE', #1611, #544 ) ;
#1954 = ORIENTED_EDGE ( 'NONE', *, *, #497, .F. ) ;
#1955 = CARTESIAN_POINT ( 'NONE',  ( 9.599999999999997868, -7.999999999999872102, -13.85640646055109215 ) ) ;
#1956 = CARTESIAN_POINT ( 'NONE',  ( 15.00000000000000000, 22.17310878027087639, -10.78440237676217173 ) ) ;
#1957 = LINE ( 'NONE', #1804, #1754 ) ;
#1958 = ADVANCED_FACE ( 'NONE', ( #468 ), #1286, .F. ) ;
#1959 = ORIENTED_EDGE ( 'NONE', *, *, #1891, .F. ) ;
#1960 = ADVANCED_FACE ( 'NONE', ( #1610, #320 ), #947, .F. ) ;
#1961 = CARTESIAN_POINT ( 'NONE',  ( 0.000000000000000000, 3.061616997868367857E-16, 147.5000000000000000 ) ) ;
#1962 = ORIENTED_EDGE ( 'NONE', *, *, #306, .F. ) ;
#1963 = DIRECTION ( 'NONE',  ( 1.000000000000000000, 0.000000000000000000, 0.000000000000000000 ) ) ;
#1964 = VERTEX_POINT ( 'NONE', #1453 ) ;
#1965 = LINE ( 'NONE', #358, #1714 ) ;
#1966 = ORIENTED_EDGE ( 'NONE', *, *, #1025, .F. ) ;
#1967 = FACE_OUTER_BOUND ( 'NONE', #727, .T. ) ;
#1968 = EDGE_CURVE ( 'NONE', #386, #740, #946, .T. ) ;
#1969 = ADVANCED_FACE ( 'NONE', ( #1282 ), #179, .F. ) ;
#1970 = ORIENTED_EDGE ( 'NONE', *, *, #2006, .T. ) ;
#1971 = CARTESIAN_POINT ( 'NONE',  ( -3.000000000000000000, -13.99999999999998401, 90.00000000000000000 ) ) ;
#1972 = AXIS2_PLACEMENT_3D ( 'NONE', #137, #615, #305 ) ;
#1973 = AXIS2_PLACEMENT_3D ( 'NONE', #766, #1200, #262 ) ;
#1974 = EDGE_LOOP ( 'NONE', ( #2037, #431, #623, #1399 ) ) ;
#1975 = CIRCLE ( 'NONE', #643, 1.600000000000000755 ) ;
#1976 = CARTESIAN_POINT ( 'NONE',  ( 0.000000000000000000, -19.04048016698972745, 13.01027429620919307 ) ) ;
#1977 = AXIS2_PLACEMENT_3D ( 'NONE', #1368, #422, #1517 ) ;
#1978 = VECTOR ( 'NONE', #1171, 1000.000000000000000 ) ;
#1979 = AXIS2_PLACEMENT_3D ( 'NONE', #435, #587, #288 ) ;
#1980 = VERTEX_POINT ( 'NONE', #1607 ) ;
#1981 = AXIS2_PLACEMENT_3D ( 'NONE', #813, #965, #822 ) ;
#1982 = CARTESIAN_POINT ( 'NONE',  ( 15.00000000000000000, -19.04048016698952139, -13.01027429620945597 ) ) ;
#1983 = EDGE_CURVE ( 'NONE', #895, #675, #1383, .T. ) ;
#1984 = VERTEX_POINT ( 'NONE', #819 ) ;
#1985 = DIRECTION ( 'NONE',  ( 1.000000000000000000, -0.000000000000000000, -0.000000000000000000 ) ) ;
#1986 = EDGE_LOOP ( 'NONE', ( #1537, #1321, #1490, #425 ) ) ;
#1987 = FACE_OUTER_BOUND ( 'NONE', #1334, .T. ) ;
#1988 = ORIENTED_EDGE ( 'NONE', *, *, #783, .F. ) ;
#1989 = CARTESIAN_POINT ( 'NONE',  ( 26.00000000000001066, -19.99999999999998934, 49.99999999999998579 ) ) ;
#1990 = CARTESIAN_POINT ( 'NONE',  ( 9.599999999999997868, 16.00000000000000000, 0.000000000000000000 ) ) ;
#1991 = EDGE_LOOP ( 'NONE', ( #1556, #1877 ) ) ;
#1992 = DIRECTION ( 'NONE',  ( 1.000000000000000000, -0.000000000000000000, -0.000000000000000000 ) ) ;
#1993 = ORIENTED_EDGE ( 'NONE', *, *, #429, .F. ) ;
#1994 = CARTESIAN_POINT ( 'NONE',  ( 0.000000000000000000, 19.99999999999998934, 150.0000000000000000 ) ) ;
#1995 = ADVANCED_FACE ( 'NONE', ( #1925 ), #1416, .F. ) ;
#1996 = ORIENTED_EDGE ( 'NONE', *, *, #40, .F. ) ;
#1997 = DIRECTION ( 'NONE',  ( 1.000000000000000000, -0.000000000000000000, -0.000000000000000000 ) ) ;
#1998 = CARTESIAN_POINT ( 'NONE',  ( 15.00000000000000000, -3.132628613280998842, -23.79467667297147671 ) ) ;
#1999 = EDGE_LOOP ( 'NONE', ( #1152, #829, #1859, #1695, #31, #1675, #897, #1805, #398 ) ) ;
#2000 = CARTESIAN_POINT ( 'NONE',  ( 15.00000000000000000, -19.04048016698972745, 11.36027429620919449 ) ) ;
#2001 = ORIENTED_EDGE ( 'NONE', *, *, #1311, .F. ) ;
#2002 = VECTOR ( 'NONE', #564, 1000.000000000000000 ) ;
#2003 = CARTESIAN_POINT ( 'NONE',  ( -3.000000000000000000, -13.99999999999998579, 100.0000000000000000 ) ) ;
#2004 = VECTOR ( 'NONE', #569, 1000.000000000000000 ) ;
#2005 = EDGE_CURVE ( 'NONE', #222, #1023, #752, .T. ) ;
#2006 = EDGE_CURVE ( 'NONE', #1023, #222, #1848, .T. ) ;
#2007 = ORIENTED_EDGE ( 'NONE', *, *, #346, .T. ) ;
#2008 = CIRCLE ( 'NONE', #53, 2.500000000000002220 ) ;
#2009 = AXIS2_PLACEMENT_3D ( 'NONE', #233, #831, #1494 ) ;
#2010 = LINE ( 'NONE', #1982, #408 ) ;
#2011 = PLANE ( 'NONE',  #1979 ) ;
#2012 = AXIS2_PLACEMENT_3D ( 'NONE', #929, #502, #1587 ) ;
#2013 = ORIENTED_EDGE ( 'NONE', *, *, #1167, .T. ) ;
#2014 = FACE_OUTER_BOUND ( 'NONE', #1461, .T. ) ;
#2015 = EDGE_LOOP ( 'NONE', ( #976, #255, #1548, #1226 ) ) ;
#2016 = CARTESIAN_POINT ( 'NONE',  ( 15.00000000000000355, 19.99999999999998934, 49.99999999999998579 ) ) ;
#2017 = ORIENTED_EDGE ( 'NONE', *, *, #1866, .F. ) ;
#2018 = EDGE_CURVE ( 'NONE', #1942, #913, #62, .T. ) ;
#2019 = CARTESIAN_POINT ( 'NONE',  ( 15.00000000000000000, 22.17310878027087639, -12.43440237676217208 ) ) ;
#2020 = ADVANCED_FACE ( 'NONE', ( #466, #1293 ), #614, .F. ) ;
#2021 = DIRECTION ( 'NONE',  ( 1.000000000000000000, -0.000000000000000000, -0.000000000000000000 ) ) ;
#2022 = VERTEX_POINT ( 'NONE', #1 ) ;
#2023 = DIRECTION ( 'NONE',  ( 1.000000000000000000, -0.000000000000000000, -0.000000000000000000 ) ) ;
#2024 = ORIENTED_EDGE ( 'NONE', *, *, #454, .F. ) ;
#2025 = CARTESIAN_POINT ( 'NONE',  ( 11.59999999999999964, -3.132628613280998398, -20.54467667297147671 ) ) ;
#2026 = ORIENTED_EDGE ( 'NONE', *, *, #1340, .T. ) ;
#2027 = APPLICATION_CONTEXT ( 'automotive_design' ) ;
#2028 = FACE_OUTER_BOUND ( 'NONE', #1237, .T. ) ;
#2029 = FACE_OUTER_BOUND ( 'NONE', #862, .T. ) ;
#2030 = ORIENTED_EDGE ( 'NONE', *, *, #832, .F. ) ;
#2031 = EDGE_CURVE ( 'NONE', #866, #1156, #230, .T. ) ;
#2032 = ADVANCED_FACE ( 'NONE', ( #954 ), #1733, .F. ) ;
#2033 = CARTESIAN_POINT ( 'NONE',  ( 11.59999999999999964, 22.17310878027087639, -5.934402376762173859 ) ) ;
#2034 = ORIENTED_EDGE ( 'NONE', *, *, #999, .T. ) ;
#2035 = CARTESIAN_POINT ( 'NONE',  ( 11.59999999999999964, 22.17310878027087284, 10.78440237676217350 ) ) ;
#2036 = CARTESIAN_POINT ( 'NONE',  ( 15.00000000000000000, -39.00000000000000711, 150.0000000000000000 ) ) ;
#2037 = ORIENTED_EDGE ( 'NONE', *, *, #1551, .F. ) ;
#2038 = AXIS2_PLACEMENT_3D ( 'NONE', #1929, #352, #1625 ) ;
#2039 = VECTOR ( 'NONE', #47, 1000.000000000000000 ) ;
#2040 = AXIS2_PLACEMENT_3D ( 'NONE', #1300, #1802, #1944 ) ;
#2041 = FACE_OUTER_BOUND ( 'NONE', #888, .T. ) ;
#2042 = VECTOR ( 'NONE', #1069, 1000.000000000000000 ) ;
#2043 = CIRCLE ( 'NONE', #1584, 2.649999999999995914 ) ;
#2044 = DIRECTION ( 'NONE',  ( 0.000000000000000000, 0.000000000000000000, -1.000000000000000000 ) ) ;
#2045 = ORIENTED_EDGE ( 'NONE', *, *, #1435, .F. ) ;
#2046 = DIRECTION ( 'NONE',  ( 0.000000000000000000, 0.000000000000000000, -1.000000000000000000 ) ) ;
#2047 = ADVANCED_FACE ( 'NONE', ( #789 ), #1902, .F. ) ;
#2048 = ORIENTED_EDGE ( 'NONE', *, *, #1233, .F. ) ;
#2049 = LINE ( 'NONE', #1277, #1348 ) ;
#2050 = DIRECTION ( 'NONE',  ( 0.000000000000000000, 0.000000000000000000, -1.000000000000000000 ) ) ;
#2051 = PLANE ( 'NONE',  #482 ) ;
#2052 = CARTESIAN_POINT ( 'NONE',  ( 9.599999999999997868, -5.349999999999873523, -13.85640646055109215 ) ) ;
#2053 = DIRECTION ( 'NONE',  ( 1.000000000000000000, -0.000000000000000000, -0.000000000000000000 ) ) ;
#2054 = DIRECTION ( 'NONE',  ( 0.000000000000000000, 0.000000000000000000, 1.000000000000000000 ) ) ;
#2055 = CARTESIAN_POINT ( 'NONE',  ( 15.00000000000000000, 0.000000000000000000, 150.0000000000000000 ) ) ;
#2056 = VERTEX_POINT ( 'NONE', #1571 ) ;
#2057 = CARTESIAN_POINT ( 'NONE',  ( 15.00000000000000355, 39.00000000000000000, 14.99999999999999467 ) ) ;
#2058 = DIRECTION ( 'NONE',  ( 1.000000000000000000, -0.000000000000000000, -0.000000000000000000 ) ) ;
#2059 = CARTESIAN_POINT ( 'NONE',  ( 9.599999999999997868, 16.00000000000000000, 0.000000000000000000 ) ) ;
#2060 = ADVANCED_FACE ( 'NONE', ( #632, #148 ), #779, .F. ) ;
ENDSEC;
END-ISO-10303-21;
